date,open,high,low,close,volume,hold,settle
2013-11-08,4050.0,4078.0,3970.0,3976.0,264550,38942,4010.0
2013-11-11,3982.0,3983.0,3932.0,3941.0,148860,44132,3949.0
2013-11-12,3940.0,3970.0,3932.0,3951.0,93396,38812,3957.0
2013-11-13,3946.0,3970.0,3935.0,3952.0,62148,36600,3958.0
2013-11-14,3958.0,3963.0,3939.0,3957.0,37318,32232,3952.0
2013-11-15,3955.0,4015.0,3954.0,4013.0,133512,43098,3994.0
2013-11-18,4015.0,4039.0,4003.0,4029.0,108186,50176,4025.0
2013-11-19,4025.0,4036.0,4012.0,4023.0,62266,43000,4023.0
2013-11-21,4039.0,4039.0,4005.0,4010.0,40740,35924,4021.0
2013-11-22,4012.0,4040.0,4006.0,4018.0,40808,35390,4024.0
2013-11-25,4021.0,4178.0,4021.0,4168.0,275042,70756,4138.0
2013-11-26,4170.0,4180.0,4145.0,4162.0,150308,63964,4161.0
2013-11-27,4166.0,4174.0,4123.0,4138.0,119328,59036,4145.0
2013-11-28,4138.0,4193.0,4138.0,4174.0,188778,68226,4168.0
2013-11-29,4179.0,4185.0,4156.0,4172.0,90070,66538,4170.0
2013-12-02,4173.0,4190.0,4151.0,4162.0,58520,66024,4168.0
2013-12-03,4160.0,4196.0,4140.0,4163.0,162642,68806,4169.0
2013-12-04,4166.0,4176.0,4150.0,4153.0,66138,68428,4160.0
2013-12-05,4155.0,4181.0,4149.0,4159.0,86416,66256,4165.0
2013-12-06,4160.0,4180.0,4109.0,4131.0,93086,60776,4143.0
2013-12-09,4138.0,4150.0,4130.0,4134.0,43026,60958,4139.0
2013-12-10,4143.0,4190.0,4134.0,4155.0,141624,64268,4163.0
2013-12-11,4161.0,4175.0,4149.0,4155.0,68642,63620,4162.0
2013-12-12,4159.0,4172.0,4144.0,4153.0,56068,62124,4160.0
2013-12-13,4147.0,4157.0,4090.0,4101.0,78890,59600,4121.0
2013-12-16,4111.0,4119.0,4082.0,4088.0,53850,60532,4099.0
2013-12-17,4091.0,4125.0,4091.0,4107.0,56850,58862,4109.0
2013-12-18,4101.0,4122.0,4094.0,4098.0,40438,59594,4106.0
2013-12-19,4093.0,4093.0,3962.0,3989.0,221438,66598,4000.0
2013-12-20,3971.0,4000.0,3967.0,3982.0,82202,56724,3982.0
2013-12-23,3957.0,3973.0,3933.0,3969.0,69360,57290,3957.0
2013-12-24,3963.0,3994.0,3961.0,3982.0,57416,56144,3982.0
2013-12-25,3985.0,4023.0,3980.0,3995.0,62000,56212,4003.0
2013-12-26,4000.0,4017.0,3958.0,3973.0,67728,55866,3973.0
2013-12-27,3972.0,3993.0,3965.0,3968.0,37100,54554,3979.0
2013-12-30,3970.0,4006.0,3967.0,3984.0,47234,52060,3988.0
2013-12-31,3981.0,4000.0,3939.0,3951.0,60322,54984,3964.0
2014-01-02,3951.0,3978.0,3941.0,3975.0,31536,53426,3966.0
2014-01-03,3998.0,4036.0,3980.0,4015.0,102594,55466,4014.0
2014-01-06,4005.0,4024.0,3940.0,3943.0,76746,56884,3990.0
2014-01-07,3832.0,3919.0,3832.0,3865.0,102798,52084,3869.0
2014-01-08,3869.0,3884.0,3843.0,3857.0,46162,51118,3857.0
2014-01-09,3850.0,3880.0,3808.0,3826.0,65388,54234,3840.0
2014-01-10,3822.0,3847.0,3815.0,3832.0,38390,53484,3831.0
2014-01-13,3830.0,3860.0,3816.0,3826.0,41632,53012,3834.0
2014-01-14,3834.0,3875.0,3827.0,3865.0,40826,50164,3849.0
2014-01-15,3866.0,3866.0,3820.0,3828.0,52378,54522,3835.0
2014-01-17,3770.0,3785.0,3751.0,3778.0,56748,62420,3773.0
2014-01-20,3772.0,3808.0,3772.0,3781.0,49338,59752,3791.0
2014-01-21,3771.0,3772.0,3725.0,3734.0,52218,60536,3740.0
2014-01-22,3730.0,3731.0,3666.0,3696.0,113068,63354,3696.0
2014-01-23,3688.0,3721.0,3686.0,3706.0,39226,62660,0.0
2014-01-24,3700.0,3718.0,3676.0,3703.0,44774,65132,3702.0
2014-01-27,3688.0,3735.0,3685.0,3726.0,69218,63276,3714.0
2014-01-28,3710.0,3762.0,3710.0,3729.0,92514,59500,3742.0
2014-01-29,3732.0,3759.0,3714.0,3728.0,37580,57036,3729.0
2014-01-30,3727.0,3752.0,3724.0,3741.0,23578,55398,3740.0
2014-02-07,3741.0,3780.0,3693.0,3697.0,44146,62834,3733.0
2014-02-10,3687.0,3750.0,3676.0,3739.0,65214,67318,3714.0
2014-02-11,3740.0,3767.0,3718.0,3720.0,78840,75432,3742.0
2014-02-12,3719.0,3732.0,3701.0,3719.0,36230,74618,3715.0
2014-02-13,3730.0,3749.0,3720.0,3730.0,32468,74504,3730.0
2014-02-14,3735.0,3834.0,3708.0,3831.0,176542,83726,3789.0
2014-02-17,3840.0,3859.0,3816.0,3840.0,97176,77244,3835.0
2014-02-18,3842.0,3866.0,3822.0,3851.0,83344,77322,3843.0
2014-02-19,3868.0,3876.0,3838.0,3850.0,58342,76518,3857.0
2014-02-20,3845.0,3850.0,3777.0,3785.0,74460,74342,3805.0
2014-02-21,3780.0,3798.0,3755.0,3781.0,50938,75984,3776.0
2014-02-24,3785.0,3817.0,3756.0,3795.0,76830,75752,3797.0
2014-02-25,3790.0,3802.0,3680.0,3687.0,82562,75122,3743.0
2014-02-26,3680.0,3710.0,3630.0,3697.0,77210,71350,3682.0
2014-02-27,3708.0,3726.0,3682.0,3693.0,54504,71370,3702.0
2014-02-28,3700.0,3720.0,3680.0,3720.0,46804,68576,3702.0
2014-03-03,3731.0,3794.0,3731.0,3789.0,92236,63156,3772.0
2014-03-04,3789.0,3849.0,3780.0,3847.0,82222,62146,3814.0
2014-03-05,3868.0,3880.0,3833.0,3870.0,67206,60542,3852.0
2014-03-06,3875.0,3879.0,3835.0,3855.0,55252,58712,3854.0
2014-03-10,4016.0,4090.0,3999.0,4080.0,254154,63938,4050.0
2014-03-11,4080.0,4138.0,4066.0,4117.0,190926,59712,4102.0
2014-03-12,4102.0,4126.0,4073.0,4115.0,89754,59024,4103.0
2014-03-14,4236.0,4266.0,4180.0,4218.0,225102,68484,4216.0
2014-03-17,4560.0,4569.0,4383.0,4424.0,121200,63478,4457.0
2014-03-18,4422.0,4505.0,4406.0,4495.0,113938,76662,4463.0
2014-03-19,4508.0,4527.0,4478.0,4500.0,84944,79588,4502.0
2014-03-20,4508.0,4520.0,4468.0,4519.0,79900,79686,4497.0
2014-03-21,4531.0,4608.0,4503.0,4584.0,149906,87390,4565.0
2014-03-24,4590.0,4605.0,4551.0,4587.0,96830,94740,4580.0
2014-03-25,4588.0,4600.0,4563.0,4584.0,89562,96514,4581.0
2014-03-26,4585.0,4642.0,4541.0,4625.0,150014,113682,4618.0
2014-03-27,4629.0,4651.0,4610.0,4632.0,105638,115294,4633.0
2014-03-28,4640.0,4644.0,4580.0,4618.0,139936,111370,4608.0
2014-03-31,4602.0,4609.0,4570.0,4596.0,102864,107472,4589.0
2014-04-01,4600.0,4648.0,4582.0,4596.0,135354,106222,4617.0
2014-04-02,4600.0,4616.0,4550.0,4569.0,94320,103214,4581.0
2014-04-03,4550.0,4625.0,4540.0,4615.0,115898,115040,4590.0
2014-04-04,4605.0,4630.0,4602.0,4625.0,78948,114910,4615.0
2014-04-08,4625.0,4695.0,4625.0,4683.0,105614,126896,4671.0
2014-04-09,4688.0,4709.0,4647.0,4662.0,97620,121490,4669.0
2014-04-10,4669.0,4716.0,4662.0,4708.0,155446,140400,4693.0
2014-04-11,4705.0,4716.0,4675.0,4708.0,109218,138286,4694.0
2014-04-14,4702.0,4733.0,4661.0,4683.0,116424,130966,4683.0
2014-04-15,4688.0,4705.0,4666.0,4703.0,66722,135620,4680.0
2014-04-16,4710.0,4731.0,4676.0,4726.0,95146,139228,4699.0
2014-04-17,4730.0,4788.0,4707.0,4776.0,241768,163758,4757.0
2014-04-18,4780.0,4807.0,4761.0,4803.0,174370,168300,4787.0
2014-04-21,4820.0,4920.0,4811.0,4916.0,307270,198442,4883.0
2014-04-22,4922.0,4928.0,4882.0,4911.0,298260,198212,4903.0
2014-04-23,4911.0,4921.0,4861.0,4910.0,261398,205888,4889.0
2014-04-24,4910.0,4936.0,4838.0,4860.0,345436,196084,4883.0
2014-04-25,4852.0,4886.0,4841.0,4875.0,179540,191734,4863.0
2014-04-28,4875.0,4965.0,4875.0,4955.0,258060,208876,4927.0
2014-04-29,4959.0,4971.0,4911.0,4943.0,174552,206890,4938.0
2014-04-30,4950.0,4999.0,4935.0,4997.0,260024,228330,4978.0
2014-05-01,4392.0,4392.0,4392.0,4392.0,82,220,4372.0
2014-05-05,5020.0,5038.0,4981.0,5010.0,250294,240882,5004.0
2014-05-06,5015.0,5030.0,4995.0,5029.0,221186,250960,5013.0
2014-05-07,5030.0,5063.0,5005.0,5060.0,327946,267222,5032.0
2014-05-08,5064.0,5115.0,5015.0,5019.0,573600,246450,5061.0
2014-05-09,5020.0,5049.0,5001.0,5046.0,346462,250346,5028.0
2014-05-12,5068.0,5149.0,5060.0,5148.0,493964,289438,5115.0
2014-05-13,5149.0,5190.0,5135.0,5189.0,419148,319444,5163.0
2014-05-14,5199.0,5205.0,5164.0,5194.0,420458,314682,5185.0
2014-05-15,5190.0,5237.0,5161.0,5236.0,426660,333000,5198.0
2014-05-16,5222.0,5278.0,5202.0,5276.0,557598,327694,5238.0
2014-05-19,5246.0,5257.0,5135.0,5167.0,644040,279980,5182.0
2014-05-20,5167.0,5282.0,5162.0,5266.0,670536,322276,5237.0
2014-05-21,5246.0,5260.0,5068.0,5096.0,908166,282024,5146.0
2014-05-22,5096.0,5117.0,5048.0,5068.0,615944,284262,5082.0
2014-05-23,5066.0,5107.0,5026.0,5091.0,622484,276602,5058.0
2014-05-26,5028.0,5030.0,4969.0,4976.0,399130,256266,4993.0
2014-05-27,4970.0,5029.0,4960.0,5009.0,504014,269836,5002.0
2014-05-28,5002.0,5075.0,4991.0,5024.0,534860,276920,5042.0
2014-05-29,5009.0,5045.0,4985.0,5030.0,363922,270856,5013.0
2014-05-30,5032.0,5053.0,4920.0,4928.0,567688,259212,4979.0
2014-06-03,4860.0,4912.0,4857.0,4890.0,287684,256098,4891.0
2014-06-04,4899.0,4956.0,4897.0,4946.0,277510,262420,4928.0
2014-06-05,4944.0,4979.0,4928.0,4962.0,362470,265604,4953.0
2014-06-06,4966.0,5080.0,4960.0,5079.0,514500,300932,5033.0
2014-06-09,5080.0,5109.0,5060.0,5094.0,449908,301588,5085.0
2014-06-10,5091.0,5093.0,5046.0,5062.0,385268,284828,5066.0
2014-06-11,5060.0,5144.0,5051.0,5132.0,512110,318198,5105.0
2014-06-12,5128.0,5170.0,5106.0,5125.0,465076,290968,5135.0
2014-06-13,5125.0,5163.0,5081.0,5149.0,390248,298814,5127.0
2014-06-16,5130.0,5135.0,5073.0,5103.0,329294,287392,5097.0
2014-06-17,5098.0,5189.0,5087.0,5146.0,511852,287724,5156.0
2014-06-18,5146.0,5166.0,5118.0,5155.0,273544,301712,5145.0
2014-06-19,5152.0,5195.0,5143.0,5183.0,325252,319856,5168.0
2014-06-20,5183.0,5264.0,5175.0,5245.0,447990,330274,5228.0
2014-06-23,5259.0,5276.0,5209.0,5242.0,364788,318606,5234.0
2014-06-24,5245.0,5258.0,5210.0,5249.0,291226,328712,5232.0
2014-06-25,5249.0,5275.0,5221.0,5263.0,368248,348654,5248.0
2014-06-26,5258.0,5270.0,5230.0,5255.0,277476,342156,5251.0
2014-06-27,5255.0,5350.0,5222.0,5342.0,610386,369254,5314.0
2014-06-30,5335.0,5369.0,5330.0,5365.0,302920,365208,5351.0
2014-07-01,5339.0,5360.0,5291.0,5356.0,383528,355488,5325.0
2014-07-02,5358.0,5390.0,5065.0,5210.0,858406,276886,5255.0
2014-07-03,5210.0,5248.0,5193.0,5235.0,270850,273472,5225.0
2014-07-04,5245.0,5335.0,5244.0,5332.0,404466,301076,5298.0
2014-07-07,5354.0,5375.0,5281.0,5330.0,397010,305314,5326.0
2014-07-08,5334.0,5350.0,5250.0,5342.0,507622,318718,5301.0
2014-07-09,5336.0,5346.0,5283.0,5306.0,453238,309114,5315.0
2014-07-10,5310.0,5328.0,5260.0,5297.0,413240,316262,5295.0
2014-07-11,5302.0,5559.0,5302.0,5422.0,590494,331300,5384.0
2014-07-14,5445.0,5479.0,5425.0,5463.0,330388,330476,5452.0
2014-07-15,5456.0,5474.0,5420.0,5458.0,259984,328030,5449.0
2014-07-16,5450.0,5460.0,5410.0,5435.0,334044,302832,5433.0
2014-07-17,5435.0,5488.0,5423.0,5482.0,331408,326670,5459.0
2014-07-18,5441.0,5471.0,5346.0,5391.0,579878,282936,5409.0
2014-07-21,5380.0,5385.0,5306.0,5344.0,325966,256440,5342.0
2014-07-22,5320.0,5324.0,5215.0,5231.0,469648,198716,5264.0
2014-07-23,5215.0,5257.0,5188.0,5205.0,233376,185674,5222.0
2014-07-24,5210.0,5299.0,5207.0,5283.0,248536,173316,5262.0
2014-07-25,4823.0,4881.0,4805.0,4881.0,235144,170398,4844.0
2014-07-28,4897.0,4958.0,4884.0,4938.0,355810,182928,4925.0
2014-07-29,4940.0,4961.0,4903.0,4929.0,204262,184250,4925.0
2014-07-30,4916.0,4919.0,4851.0,4906.0,328188,186192,4882.0
2014-07-31,4910.0,4932.0,4885.0,4898.0,242914,200386,4909.0
2014-08-01,4880.0,4939.0,4871.0,4885.0,308642,201110,4907.0
2014-08-04,4896.0,4925.0,4858.0,4910.0,224518,205812,4903.0
2014-08-05,4915.0,4939.0,4885.0,4913.0,204374,207416,4913.0
2014-08-06,4913.0,4957.0,4870.0,4889.0,399142,215082,4914.0
2014-08-07,4900.0,4900.0,4815.0,4815.0,440330,222910,4845.0
2014-08-08,4815.0,4825.0,4770.0,4788.0,332252,209482,4793.0
2014-08-11,4798.0,4824.0,4763.0,4788.0,243010,207912,4791.0
2014-08-12,4793.0,4851.0,4788.0,4845.0,287332,210256,4826.0
2014-08-13,4850.0,4880.0,4723.0,4741.0,511098,207022,4794.0
2014-08-14,4741.0,4750.0,4690.0,4718.0,271852,203010,4715.0
2014-08-15,4738.0,4767.0,4670.0,4733.0,409874,199478,4713.0
2014-08-18,4752.0,4772.0,4671.0,4691.0,321802,211922,4703.0
2014-08-19,4688.0,4695.0,4597.0,4598.0,348876,225056,4628.0
2014-08-20,4593.0,4625.0,4566.0,4603.0,274598,216414,4598.0
2014-08-21,4603.0,4638.0,4601.0,4625.0,211412,213940,4620.0
2014-08-22,4630.0,4649.0,4558.0,4645.0,443512,214816,4599.0
2014-08-25,4660.0,4716.0,4651.0,4714.0,381360,223584,4682.0
2014-08-26,4720.0,4728.0,4654.0,4657.0,323670,217758,4688.0
2014-08-27,4650.0,4688.0,4611.0,4662.0,359472,215730,4650.0
2014-08-28,4659.0,4665.0,4621.0,4631.0,224008,215036,4638.0
2014-08-29,4628.0,4655.0,4580.0,4630.0,364606,215350,4617.0
2014-09-01,4630.0,4648.0,4603.0,4614.0,157238,213430,4621.0
2014-09-02,4608.0,4610.0,4561.0,4572.0,260664,216376,4581.0
2014-09-03,4570.0,4576.0,4510.0,4515.0,267346,219192,4531.0
2014-09-04,4506.0,4545.0,4502.0,4522.0,194388,206716,4526.0
2014-09-05,4526.0,4535.0,4444.0,4462.0,251950,201154,4474.0
2014-09-09,4468.0,4493.0,4432.0,4480.0,144522,195258,4471.0
2014-09-10,4479.0,4545.0,4466.0,4520.0,294274,190322,4514.0
2014-09-11,4518.0,4537.0,4454.0,4454.0,216406,198028,4485.0
2014-09-12,4447.0,4535.0,4421.0,4534.0,270796,191402,4485.0
2014-09-15,4534.0,4576.0,4518.0,4539.0,204956,196164,4539.0
2014-09-16,4535.0,4569.0,4491.0,4513.0,244396,195762,4528.0
2014-09-17,4520.0,4564.0,4511.0,4563.0,186860,198676,4542.0
2014-09-18,4565.0,4605.0,4530.0,4531.0,248856,194440,4566.0
2014-09-19,4527.0,4546.0,4494.0,4512.0,211682,193478,4515.0
2014-09-22,4490.0,4533.0,4402.0,4499.0,334096,183506,4459.0
2014-09-23,4501.0,4547.0,4459.0,4465.0,275680,190166,4496.0
2014-09-24,4451.0,4525.0,4445.0,4487.0,222156,184208,4491.0
2014-09-25,4482.0,4510.0,4456.0,4504.0,183068,180802,4479.0
2014-09-26,4500.0,4588.0,4484.0,4556.0,325902,170548,4544.0
2014-09-29,4556.0,4601.0,4521.0,4596.0,171220,158598,4559.0
2014-09-30,4601.0,4645.0,4593.0,4642.0,230482,155700,4619.0
2014-10-08,4356.0,4455.0,4356.0,4455.0,8,22,4405.0
2014-10-09,4599.0,4613.0,4555.0,4606.0,200334,172380,4579.0
2014-10-10,4605.0,4649.0,4570.0,4616.0,220350,182314,4608.0
2014-10-13,4638.0,4723.0,4621.0,4720.0,320852,200010,4679.0
2014-10-14,4726.0,4765.0,4707.0,4764.0,226832,202712,4735.0
2014-10-15,4768.0,4773.0,4716.0,4748.0,196198,197442,4742.0
2014-10-16,4740.0,4787.0,4704.0,4769.0,265444,206396,4751.0
2014-10-17,4771.0,4805.0,4716.0,4722.0,296094,185088,4754.0
2014-10-20,4726.0,4812.0,4712.0,4810.0,269122,201292,4769.0
2014-10-21,4816.0,4829.0,4786.0,4808.0,261536,209980,4808.0
2014-10-22,4816.0,4822.0,4782.0,4799.0,209964,205246,4801.0
2014-10-23,4785.0,4836.0,4783.0,4831.0,234764,214402,4810.0
2014-10-24,4840.0,4844.0,4800.0,4827.0,181906,202094,4819.0
2014-10-27,4819.0,4820.0,4736.0,4743.0,251850,185324,4766.0
2014-10-28,4752.0,4778.0,4732.0,4745.0,193246,190100,4754.0
2014-10-29,4749.0,4820.0,4740.0,4819.0,238128,193124,4775.0
2014-10-30,4828.0,4848.0,4790.0,4806.0,232100,186350,4818.0
2014-10-31,4799.0,4844.0,4771.0,4830.0,206730,179454,4805.0
2014-11-03,4800.0,4800.0,4586.0,4597.0,449206,139448,4648.0
2014-11-04,4590.0,4620.0,4568.0,4592.0,181338,134550,4598.0
2014-11-05,4592.0,4634.0,4578.0,4581.0,146146,131136,4601.0
2014-11-06,4600.0,4607.0,4527.0,4592.0,242560,129780,4570.0
2014-11-07,4600.0,4642.0,4590.0,4600.0,133658,117384,4614.0
2014-11-10,4590.0,4645.0,4545.0,4631.0,249546,116898,4592.0
2014-11-11,4620.0,4643.0,4582.0,4583.0,133882,119640,4612.0
2014-11-12,4600.0,4636.0,4571.0,4601.0,178250,117538,4606.0
2014-11-13,4595.0,4632.0,4583.0,4613.0,116924,119612,4613.0
2014-11-14,4600.0,4613.0,4560.0,4605.0,146106,120026,4589.0
2014-11-17,4621.0,4724.0,4621.0,4700.0,224182,106394,4692.0
2014-11-18,4700.0,4735.0,4685.0,4727.0,152466,105134,4711.0
2014-11-19,4727.0,4738.0,4694.0,4715.0,130614,99448,4714.0
2014-11-20,4716.0,4749.0,4688.0,4730.0,155928,100366,4718.0
2014-11-21,4731.0,4754.0,4706.0,4732.0,105020,96610,4730.0
2014-11-24,4675.0,4696.0,4639.0,4651.0,107438,80644,4668.0
2014-11-25,4648.0,4686.0,4630.0,4668.0,72970,77948,4666.0
2014-11-26,4666.0,4674.0,4611.0,4615.0,75408,77856,4645.0
2014-11-27,4620.0,4645.0,4605.0,4628.0,69756,70464,4623.0
2014-11-28,4635.0,4657.0,4611.0,4630.0,44334,61912,4637.0
2014-12-01,4298.0,4345.0,4223.0,4329.0,137798,83156,4292.0
2014-12-02,4344.0,4402.0,4334.0,4358.0,146402,80840,4372.0
2014-12-03,4350.0,4589.0,4341.0,4479.0,140488,92646,4390.0
2014-12-04,4463.0,4547.0,4462.0,4509.0,241594,110324,4507.0
2014-12-05,4509.0,4533.0,4473.0,4521.0,121660,114578,4507.0
2014-12-08,4503.0,4578.0,4490.0,4516.0,147664,115810,4525.0
2014-12-09,4509.0,4519.0,4406.0,4453.0,170616,103034,4451.0
2014-12-10,4456.0,4584.0,4456.0,4557.0,220764,123498,4535.0
2014-12-11,4555.0,4582.0,4521.0,4570.0,134812,134476,4551.0
2014-12-12,4570.0,4621.0,4500.0,4540.0,213460,122708,4557.0
2014-12-15,4521.0,4566.0,4480.0,4481.0,166174,123748,4531.0
2014-12-16,4470.0,4498.0,4447.0,4488.0,132182,115122,4477.0
2014-12-17,4488.0,4515.0,4420.0,4434.0,169866,112034,4467.0
2014-12-18,4435.0,4461.0,4416.0,4419.0,109788,111644,4435.0
2014-12-19,4411.0,4412.0,4350.0,4369.0,77302,111806,4376.0
2014-12-22,4310.0,4358.0,4302.0,4304.0,132136,114736,4329.0
2014-12-23,4304.0,4369.0,4295.0,4340.0,165984,113838,4343.0
2014-12-24,4343.0,4388.0,4334.0,4377.0,133402,114466,4364.0
2014-12-25,4375.0,4387.0,4320.0,4329.0,127526,119250,4353.0
2014-12-26,4331.0,4370.0,4323.0,4338.0,116898,117000,4346.0
2014-12-29,4338.0,4418.0,4331.0,4387.0,155256,113850,4378.0
2014-12-30,4389.0,4428.0,4362.0,4381.0,153284,115286,4395.0
2014-12-31,4385.0,4404.0,4252.0,4268.0,318106,129192,4302.0
2015-01-05,4255.0,4309.0,4255.0,4290.0,142820,135654,4284.0
2015-01-06,4306.0,4321.0,4261.0,4276.0,136410,138582,4285.0
2015-01-07,4275.0,4296.0,4229.0,4285.0,192750,137774,4265.0
2015-01-08,4293.0,4300.0,4268.0,4273.0,80840,136002,4280.0
2015-01-09,4268.0,4293.0,4250.0,4258.0,121418,135114,4272.0
2015-01-12,4280.0,4305.0,4262.0,4268.0,103344,133178,4279.0
2015-01-13,4255.0,4260.0,4183.0,4188.0,145442,147428,4218.0
2015-01-14,4176.0,4190.0,4102.0,4125.0,152262,146908,4139.0
2015-01-15,4136.0,4162.0,4132.0,4143.0,79456,142486,4148.0
2015-01-16,4148.0,4174.0,4120.0,4151.0,99068,141642,4146.0
2015-01-19,4140.0,4204.0,4121.0,4167.0,137890,133328,4166.0
2015-01-20,4160.0,4186.0,4132.0,4154.0,88422,133962,4156.0
2015-01-21,4156.0,4184.0,4050.0,4090.0,121804,145174,4146.0
2015-01-22,4100.0,4123.0,4067.0,4113.0,158866,147590,4097.0
2015-01-23,4113.0,4128.0,4090.0,4120.0,99200,142116,4110.0
2015-01-26,4110.0,4182.0,4085.0,4179.0,143166,135874,4127.0
2015-01-27,4188.0,4235.0,4156.0,4166.0,203140,127688,4194.0
2015-01-28,4145.0,4195.0,4145.0,4186.0,88976,127006,4173.0
2015-01-29,4183.0,4188.0,4112.0,4119.0,115422,132448,4139.0
2015-01-30,4113.0,4135.0,4094.0,4120.0,105612,127890,4118.0
2015-02-02,4119.0,4145.0,4082.0,4089.0,92218,134986,4114.0
2015-02-03,4090.0,4160.0,4082.0,4159.0,123966,124320,4124.0
2015-02-04,4160.0,4186.0,4132.0,4144.0,100748,118496,4159.0
2015-02-05,4140.0,4196.0,4138.0,4173.0,145730,122888,4173.0
2015-02-06,4194.0,4196.0,4153.0,4168.0,89594,122372,4169.0
2015-02-09,4224.0,4230.0,4157.0,4166.0,100888,123090,4184.0
2015-02-10,4162.0,4184.0,4151.0,4159.0,83500,122688,4167.0
2015-02-11,4156.0,4160.0,4111.0,4118.0,86632,125982,4131.0
2015-02-12,4115.0,4134.0,4090.0,4091.0,84406,130326,4110.0
2015-02-13,4088.0,4131.0,4073.0,4113.0,100710,117794,4113.0
2015-02-16,4110.0,4138.0,4105.0,4113.0,64922,113452,4119.0
2015-02-17,4114.0,4128.0,4083.0,4106.0,72678,111314,4105.0
2015-02-25,4199.0,4296.0,4187.0,4187.0,68,88,4220.0
2015-02-26,4205.0,4215.0,4170.0,4187.0,90732,117856,4188.0
2015-02-27,4185.0,4279.0,4183.0,4272.0,187854,121512,4243.0
2015-03-02,4270.0,4308.0,4255.0,4304.0,95190,122800,4287.0
2015-03-03,4299.0,4299.0,4251.0,4283.0,89302,119120,4275.0
2015-03-04,4280.0,4332.0,4240.0,4249.0,188576,114392,4281.0
2015-03-05,4236.0,4243.0,4208.0,4228.0,69958,104564,4225.0
2015-03-06,4234.0,4257.0,4136.0,4142.0,118708,87374,4192.0
2015-03-09,4107.0,4146.0,4096.0,4115.0,76946,85808,4122.0
2015-03-10,4120.0,4140.0,4106.0,4120.0,51584,84924,4122.0
2015-03-11,4120.0,4151.0,4106.0,4139.0,60554,87328,4135.0
2015-03-12,4158.0,4181.0,4120.0,4134.0,90126,86266,4153.0
2015-03-13,4129.0,4147.0,4092.0,4122.0,79284,82858,4115.0
2015-03-16,4133.0,4165.0,4120.0,4159.0,60336,76708,4145.0
2015-03-17,4151.0,4168.0,4132.0,4150.0,39066,72434,4145.0
2015-03-18,4150.0,4156.0,4114.0,4148.0,46284,69864,4135.0
2015-03-19,4150.0,4198.0,4121.0,4122.0,70052,71498,4151.0
2015-03-20,4122.0,4135.0,4107.0,4127.0,47388,68010,4120.0
2015-03-23,4133.0,4145.0,4110.0,4136.0,42896,69152,4130.0
2015-03-24,4700.0,4710.0,4663.0,4664.0,55142,68750,4680.0
2015-03-25,4660.0,4666.0,4509.0,4537.0,159762,69018,4576.0
2015-03-26,3920.0,3944.0,3870.0,3887.0,133728,99278,3904.0
2015-03-27,3883.0,3917.0,3876.0,3884.0,61810,93598,3895.0
2015-03-30,3883.0,3927.0,3882.0,3915.0,65750,82088,3909.0
2015-03-31,3930.0,3949.0,3884.0,3946.0,57544,68082,3918.0
2015-04-01,4578.0,4587.0,4523.0,4523.0,64212,76380,4555.0
2015-04-02,4518.0,4532.0,4351.0,4383.0,214606,101376,4415.0
2015-04-03,4370.0,4388.0,4313.0,4324.0,140330,104318,4348.0
2015-04-07,4288.0,4305.0,4226.0,4242.0,141922,117062,4254.0
2015-04-08,4232.0,4277.0,4232.0,4262.0,77562,111760,4258.0
2015-04-09,4243.0,4286.0,4243.0,4263.0,75852,106762,4268.0
2015-04-10,4263.0,4382.0,4260.0,4359.0,154818,98260,4331.0
2015-04-13,4360.0,4375.0,4333.0,4366.0,67660,99764,4349.0
2015-04-14,4375.0,4428.0,4351.0,4382.0,131174,93346,4398.0
2015-04-15,4370.0,4397.0,4353.0,4387.0,91812,93038,4373.0
2015-04-16,4392.0,4422.0,4330.0,4350.0,114882,96306,4380.0
2015-04-17,4360.0,4475.0,4353.0,4450.0,134274,87520,4406.0
2015-04-20,4462.0,4507.0,4430.0,4439.0,85864,85512,4460.0
2015-04-21,4426.0,4480.0,4417.0,4447.0,68086,84366,4448.0
2015-04-22,4425.0,4470.0,4425.0,4465.0,54720,85080,4453.0
2015-04-23,4460.0,4488.0,4430.0,4474.0,91308,84146,4459.0
2015-04-24,4495.0,4504.0,4450.0,4473.0,63780,82254,4471.0
2015-04-27,4465.0,4488.0,4433.0,4468.0,76980,82356,4466.0
2015-04-28,4467.0,4566.0,4460.0,4526.0,148018,83666,4530.0
2015-04-29,4527.0,4538.0,4503.0,4513.0,56050,80560,4516.0
2015-04-30,4520.0,4520.0,4421.0,4469.0,119316,80474,4454.0
2015-05-04,4460.0,4495.0,4459.0,4461.0,72098,81930,4475.0
2015-05-05,4464.0,4524.0,4436.0,4512.0,117402,86220,4486.0
2015-05-06,4520.0,4541.0,4486.0,4493.0,76202,81704,4509.0
2015-05-07,4486.0,4517.0,4461.0,4488.0,72342,81362,4495.0
2015-05-08,4476.0,4485.0,4400.0,4414.0,127494,89090,4442.0
2015-05-11,4410.0,4419.0,4348.0,4370.0,115542,97670,4374.0
2015-05-12,4365.0,4395.0,4350.0,4379.0,64004,94326,4377.0
2015-05-13,4368.0,4399.0,4361.0,4368.0,59030,95548,4380.0
2015-05-14,4355.0,4440.0,4312.0,4439.0,138406,99806,4393.0
2015-05-15,4445.0,4472.0,4433.0,4469.0,101838,93988,4451.0
2015-05-18,4472.0,4485.0,4452.0,4455.0,60988,92360,4466.0
2015-05-19,4455.0,4455.0,4380.0,4380.0,92848,88374,4411.0
2015-05-20,4350.0,4392.0,4338.0,4341.0,75298,83490,4365.0
2015-05-21,4343.0,4389.0,4341.0,4360.0,63642,85590,4368.0
2015-05-22,4360.0,4397.0,4317.0,4382.0,127560,86558,4363.0
2015-05-25,4364.0,4368.0,4254.0,4284.0,138544,97460,4301.0
2015-05-26,4295.0,4316.0,4255.0,4255.0,101048,100324,4287.0
2015-05-27,4242.0,4305.0,4206.0,4287.0,114072,100624,4272.0
2015-05-28,4290.0,4310.0,4275.0,4297.0,69062,98352,4289.0
2015-05-29,4285.0,4294.0,4253.0,4287.0,53436,95566,4284.0
2015-06-01,4285.0,4349.0,4273.0,4283.0,103774,93062,4313.0
2015-06-02,4278.0,4293.0,4260.0,4275.0,71854,95610,4275.0
2015-06-03,4275.0,4308.0,4220.0,4222.0,113304,111334,4268.0
2015-06-04,4208.0,4208.0,4152.0,4191.0,165986,112606,4178.0
2015-06-05,4187.0,4194.0,4170.0,4178.0,62306,109956,4182.0
2015-06-08,4160.0,4200.0,4135.0,4178.0,85352,112998,4181.0
2015-06-09,4190.0,4233.0,4188.0,4220.0,97428,108058,4214.0
2015-06-10,4235.0,4245.0,4191.0,4194.0,69782,108324,4220.0
2015-06-11,4200.0,4220.0,4188.0,4200.0,61208,110532,4206.0
2015-06-12,4194.0,4218.0,4106.0,4116.0,137404,115998,4162.0
2015-06-15,4101.0,4110.0,4036.0,4049.0,113318,112314,4067.0
2015-06-16,4049.0,4076.0,4049.0,4061.0,50424,110072,4062.0
2015-06-17,4065.0,4099.0,4020.0,4029.0,98000,113256,4048.0
2015-06-18,4032.0,4045.0,4002.0,4029.0,91590,115026,4022.0
2015-06-19,4035.0,4060.0,4024.0,4036.0,76408,110414,4038.0
2015-06-23,4048.0,4088.0,4041.0,4074.0,89088,108364,4068.0
2015-06-24,4078.0,4082.0,4035.0,4047.0,72446,105092,4050.0
2015-06-25,4060.0,4173.0,4060.0,4134.0,109370,93920,4123.0
2015-06-26,4145.0,4145.0,4073.0,4085.0,76016,88004,4107.0
2015-06-29,4065.0,4090.0,4045.0,4068.0,70708,88242,4066.0
2015-06-30,4060.0,4060.0,3965.0,3969.0,96574,86114,3990.0
2015-07-01,4000.0,4112.0,3992.0,4028.0,69972,86174,4026.0
2015-07-02,4026.0,4029.0,3983.0,4009.0,54432,87132,4001.0
2015-07-03,4024.0,4057.0,4010.0,4037.0,71288,84946,4035.0
2015-07-06,4050.0,4079.0,3992.0,4040.0,73148,80262,4031.0
2015-07-07,4041.0,4065.0,4018.0,4036.0,63408,79030,4045.0
2015-07-08,3970.0,3970.0,3843.0,3843.0,103004,62944,3875.0
2015-07-09,3950.0,4080.0,3911.0,4010.0,121612,57252,3985.0
2015-07-10,4047.0,4165.0,4043.0,4132.0,133516,52644,4111.0
2015-07-13,4162.0,4188.0,4111.0,4144.0,76886,52574,4140.0
2015-07-14,4145.0,4226.0,4144.0,4198.0,104494,55052,4189.0
2015-07-15,4185.0,4188.0,4148.0,4180.0,50416,54614,4164.0
2015-07-16,4150.0,4199.0,4119.0,4174.0,60066,55472,4163.0
2015-07-17,4144.0,4177.0,4130.0,4168.0,51830,54774,4153.0
2015-07-20,4156.0,4257.0,4146.0,4248.0,95606,69168,4202.0
2015-07-21,4258.0,4329.0,4255.0,4304.0,145174,69938,4298.0
2015-07-22,4310.0,4322.0,4260.0,4280.0,97318,67164,4288.0
2015-07-23,4288.0,4370.0,4278.0,4364.0,124522,75542,4329.0
2015-07-24,4380.0,4387.0,4341.0,4370.0,111328,74116,4358.0
2015-07-27,4379.0,4389.0,4266.0,4318.0,125816,62600,4320.0
2015-07-28,4310.0,4470.0,4281.0,4450.0,220974,83152,4403.0
2015-07-29,4459.0,4470.0,4410.0,4429.0,152882,74866,4435.0
2015-07-30,4438.0,4440.0,4351.0,4378.0,140304,63052,4389.0
2015-07-31,4378.0,4422.0,4378.0,4422.0,88152,62296,4400.0
2015-08-03,4422.0,4435.0,4296.0,4345.0,109292,45140,4362.0
2015-08-04,4290.0,4325.0,4281.0,4308.0,59916,63734,4307.0
2015-08-05,4319.0,4321.0,4202.0,4220.0,100410,60746,4252.0
2015-08-06,4220.0,4248.0,4160.0,4173.0,77946,62300,4217.0
2015-08-07,4150.0,4156.0,4057.0,4118.0,119772,55538,4110.0
2015-08-10,4125.0,4143.0,4091.0,4120.0,54090,59508,4121.0
2015-08-11,4136.0,4185.0,4120.0,4121.0,97362,63950,4152.0
2015-08-12,4112.0,4163.0,4105.0,4126.0,66078,67042,4138.0
2015-08-13,4112.0,4151.0,4091.0,4146.0,96136,68226,4126.0
2015-08-14,4150.0,4193.0,4125.0,4127.0,126850,74570,4164.0
2015-08-17,4126.0,4140.0,4100.0,4120.0,66580,76898,4124.0
2015-08-18,4120.0,4137.0,4095.0,4098.0,63886,80566,4118.0
2015-08-19,4091.0,4145.0,4050.0,4137.0,117282,80876,4090.0
2015-08-20,4135.0,4142.0,4072.0,4074.0,91428,85874,4108.0
2015-08-21,4091.0,4105.0,4064.0,4069.0,65770,86904,4087.0
2015-08-24,4040.0,4050.0,3952.0,4013.0,129436,81528,4005.0
2015-08-25,4022.0,4070.0,3990.0,4019.0,100700,80416,4034.0
2015-08-26,4036.0,4044.0,3902.0,3923.0,129628,98984,3972.0
2015-08-27,3923.0,3960.0,3920.0,3942.0,108958,95714,3939.0
2015-08-28,3965.0,4046.0,3915.0,3923.0,179854,106342,3971.0
2015-08-31,3924.0,3945.0,3883.0,3916.0,129776,109534,3917.0
2015-09-01,3922.0,3950.0,3910.0,3929.0,87726,111222,3926.0
2015-09-02,3921.0,3928.0,3880.0,3911.0,115082,112902,3904.0
2015-09-03,3921.0,3928.0,3880.0,3904.0,0,112902,3904.0
2015-09-07,3885.0,3918.0,3867.0,3885.0,10,74,3885.0
2015-09-08,3924.0,3968.0,3924.0,3961.0,115980,124570,3945.0
2015-09-09,3985.0,3998.0,3915.0,3923.0,188574,138622,3953.0
2015-09-10,3905.0,3963.0,3903.0,3935.0,129686,128960,3934.0
2015-09-11,3935.0,3957.0,3915.0,3950.0,153620,131566,3935.0
2015-09-14,3939.0,3966.0,3917.0,3927.0,173530,128566,3940.0
2015-09-15,3925.0,3940.0,3852.0,3865.0,123962,128496,3921.0
2015-09-16,3876.0,3890.0,3840.0,3867.0,187858,136718,3863.0
2015-09-17,3880.0,3887.0,3844.0,3851.0,110778,145904,3859.0
2015-09-18,3854.0,3871.0,3830.0,3853.0,125882,145848,3853.0
2015-09-21,3858.0,3879.0,3850.0,3855.0,115794,140888,3863.0
2015-09-22,3858.0,3858.0,3797.0,3815.0,173558,154578,3819.0
2015-09-23,3808.0,3810.0,3779.0,3796.0,98022,152592,3797.0
2015-09-24,3794.0,3809.0,3780.0,3785.0,84570,157768,3793.0
2015-09-25,3791.0,3839.0,3791.0,3802.0,156644,145290,3814.0
2015-09-28,3808.0,3827.0,3758.0,3814.0,106408,146030,3806.0
2015-09-29,3810.0,3818.0,3746.0,3766.0,135862,137242,3774.0
2015-09-30,3768.0,3779.0,3740.0,3749.0,93502,134586,3761.0
2015-10-01,3768.0,3779.0,3740.0,3761.0,0,134586,3761.0
2015-10-08,3396.0,3509.0,3310.0,3398.0,88,16,3417.0
2015-10-09,3760.0,3800.0,3750.0,3780.0,130422,136416,3774.0
2015-10-12,3750.0,3758.0,3681.0,3691.0,216390,166524,3708.0
2015-10-13,3687.0,3693.0,3662.0,3672.0,117396,175802,3673.0
2015-10-14,3688.0,3698.0,3666.0,3669.0,95138,176582,3679.0
2015-10-15,3669.0,3696.0,3645.0,3683.0,108724,168386,3679.0
2015-10-16,3685.0,3702.0,3672.0,3675.0,94026,163454,3684.0
2015-10-19,3683.0,3687.0,3616.0,3624.0,107438,174408,3650.0
2015-10-20,3630.0,3649.0,3629.0,3641.0,51698,163652,3638.0
2015-10-21,3646.0,3671.0,3621.0,3645.0,87206,158400,3648.0
2015-10-22,3659.0,3680.0,3650.0,3677.0,88838,154050,3665.0
2015-10-23,3674.0,3688.0,3640.0,3662.0,100120,150748,3663.0
2015-10-26,3661.0,3682.0,3653.0,3663.0,61706,153534,3664.0
2015-10-27,3659.0,3693.0,3626.0,3684.0,96184,145034,3659.0
2015-10-28,3685.0,3699.0,3659.0,3669.0,106390,146904,3677.0
2015-10-29,3668.0,3670.0,3645.0,3665.0,72312,145196,3655.0
2015-10-30,3664.0,3675.0,3651.0,3655.0,66000,142984,3661.0
2015-11-02,3653.0,3670.0,3609.0,3664.0,92654,140234,3646.0
2015-11-03,3661.0,3750.0,3656.0,3732.0,192436,138176,3700.0
2015-11-04,3733.0,3766.0,3722.0,3755.0,122016,139610,3749.0
2015-11-05,3756.0,3778.0,3742.0,3761.0,112206,131754,3762.0
2015-11-06,3765.0,3792.0,3745.0,3787.0,115144,124714,3767.0
2015-11-09,3791.0,3820.0,3751.0,3772.0,104746,122754,3776.0
2015-11-10,3766.0,3766.0,3720.0,3720.0,83034,114292,3738.0
2015-11-11,3720.0,3760.0,3703.0,3748.0,83060,115820,3735.0
2015-11-12,3740.0,3800.0,3731.0,3797.0,104078,121352,3764.0
2015-11-13,3795.0,3807.0,3770.0,3789.0,77528,116228,3787.0
2015-11-16,3779.0,3784.0,3719.0,3720.0,98956,106036,3745.0
2015-11-17,3720.0,3731.0,3645.0,3686.0,104142,94130,3686.0
2015-11-18,3698.0,3698.0,3650.0,3679.0,54524,92664,3675.0
2015-11-19,3690.0,3716.0,3675.0,3688.0,72430,89310,3694.0
2015-11-20,3705.0,3800.0,3697.0,3793.0,105466,85908,3746.0
2015-11-23,3789.0,3848.0,3718.0,3754.0,109090,81138,3777.0
2015-11-24,3754.0,3792.0,3753.0,3779.0,50166,80144,3776.0
2015-11-25,3771.0,3772.0,3660.0,3719.0,108656,74012,3711.0
2015-11-26,3226.0,3312.0,3205.0,3230.0,81224,79210,3248.0
2015-11-27,3235.0,3248.0,3201.0,3215.0,48652,85384,3222.0
2015-11-30,3202.0,3307.0,3150.0,3296.0,115722,91296,3253.0
2015-12-01,3300.0,3338.0,3270.0,3271.0,120982,94262,3303.0
2015-12-02,3285.0,3336.0,3285.0,3330.0,91566,98856,3316.0
2015-12-03,3324.0,3325.0,3280.0,3287.0,72958,95910,3296.0
2015-12-04,3284.0,3295.0,3250.0,3270.0,69666,99776,3267.0
2015-12-07,3273.0,3298.0,3257.0,3268.0,67472,106152,3277.0
2015-12-08,3255.0,3257.0,3184.0,3192.0,101352,116774,3207.0
2015-12-09,3200.0,3220.0,3173.0,3176.0,73264,127028,3194.0
2015-12-10,3171.0,3210.0,3162.0,3183.0,64294,125144,3186.0
2015-12-11,3195.0,3205.0,3176.0,3193.0,63156,121046,3191.0
2015-12-14,3183.0,3185.0,3141.0,3169.0,94282,131822,3160.0
2015-12-15,3172.0,3219.0,3170.0,3175.0,92128,133634,3193.0
2015-12-16,3170.0,3205.0,3161.0,3192.0,71346,133556,3187.0
2015-12-17,3200.0,3211.0,3172.0,3176.0,78658,137416,3193.0
2015-12-18,3181.0,3219.0,3181.0,3211.0,93146,141172,3204.0
2015-12-21,3221.0,3296.0,3221.0,3290.0,124910,134080,3262.0
2015-12-22,3290.0,3320.0,3268.0,3287.0,109646,131764,3295.0
2015-12-23,3295.0,3296.0,3251.0,3272.0,67740,130586,3267.0
2015-12-24,3267.0,3300.0,3262.0,3282.0,68864,135652,3280.0
2015-12-25,3282.0,3296.0,3249.0,3263.0,77698,143398,3268.0
2015-12-28,3254.0,3255.0,3184.0,3188.0,129944,155990,3207.0
2015-12-29,3184.0,3216.0,3181.0,3201.0,81966,154256,3200.0
2015-12-30,3209.0,3248.0,3195.0,3209.0,129450,155922,3220.0
2015-12-31,3212.0,3228.0,3202.0,3209.0,76340,157210,3215.0
2016-01-04,3220.0,3245.0,3156.0,3188.0,148346,160018,3191.0
2016-01-05,3200.0,3250.0,3192.0,3242.0,143768,151222,3225.0
2016-01-06,3250.0,3264.0,3221.0,3245.0,133096,152854,3241.0
2016-01-07,3256.0,3282.0,3227.0,3254.0,183916,157254,3255.0
2016-01-08,3265.0,3278.0,3241.0,3244.0,119766,157866,3259.0
2016-01-11,3266.0,3270.0,3205.0,3213.0,150570,157242,3235.0
2016-01-12,3210.0,3225.0,3175.0,3185.0,108186,157950,3199.0
2016-01-13,3203.0,3208.0,3122.0,3144.0,242170,191444,3155.0
2016-01-14,3144.0,3164.0,3132.0,3155.0,128878,185784,3149.0
2016-01-15,3165.0,3175.0,3135.0,3145.0,111496,193206,3149.0
2016-01-18,3159.0,3246.0,3149.0,3238.0,210202,153376,3210.0
2016-01-19,3246.0,3260.0,3223.0,3246.0,105862,150190,3241.0
2016-01-20,3246.0,3264.0,3226.0,3246.0,109090,154338,3241.0
2016-01-21,3250.0,3325.0,3235.0,3313.0,322476,172040,3297.0
2016-01-22,3332.0,3391.0,3311.0,3319.0,290242,172548,3350.0
2016-01-25,3316.0,3318.0,3260.0,3270.0,180690,174308,3288.0
2016-01-26,3267.0,3285.0,3240.0,3252.0,135338,172390,3262.0
2016-01-27,3256.0,3288.0,3246.0,3274.0,161964,174536,3270.0
2016-01-28,3277.0,3292.0,3213.0,3217.0,194780,169172,3246.0
2016-01-29,3210.0,3230.0,3189.0,3214.0,109998,159528,3214.0
2016-02-01,3222.0,3248.0,3181.0,3209.0,122408,163552,3211.0
2016-02-02,3204.0,3242.0,3203.0,3233.0,99280,159408,3225.0
2016-02-03,3233.0,3239.0,3205.0,3221.0,85612,151552,3219.0
2016-02-04,3226.0,3270.0,3222.0,3236.0,127512,146508,3247.0
2016-02-05,3230.0,3231.0,3193.0,3209.0,88362,139002,3213.0
2016-02-15,3170.0,3175.0,3092.0,3095.0,202284,176182,3123.0
2016-02-16,3090.0,3112.0,3080.0,3095.0,138374,197776,3098.0
2016-02-17,3090.0,3115.0,3053.0,3078.0,174146,209252,3081.0
2016-02-18,3081.0,3095.0,3069.0,3077.0,99890,211844,3080.0
2016-02-19,3082.0,3108.0,3078.0,3087.0,156006,198642,3094.0
2016-02-22,3100.0,3131.0,3092.0,3108.0,154970,197746,3110.0
2016-02-23,3108.0,3109.0,3060.0,3083.0,203200,208558,3079.0
2016-02-24,3072.0,3090.0,3030.0,3068.0,171438,215746,3063.0
2016-02-25,3068.0,3070.0,3041.0,3050.0,119220,213338,3056.0
2016-02-26,3043.0,3066.0,3035.0,3047.0,104034,213158,3051.0
2016-02-29,3030.0,3030.0,2982.0,3005.0,185298,212112,3001.0
2016-03-01,3015.0,3037.0,2988.0,3005.0,147372,212476,3009.0
2016-03-02,3011.0,3036.0,3003.0,3015.0,119404,209720,3018.0
2016-03-03,3025.0,3075.0,3019.0,3064.0,177658,199306,3050.0
2016-03-04,3078.0,3098.0,3058.0,3087.0,136322,183618,3078.0
2016-03-07,3126.0,3199.0,3126.0,3136.0,227940,153832,3157.0
2016-03-08,3142.0,3150.0,3063.0,3089.0,144942,147918,3098.0
2016-03-09,3080.0,3142.0,3062.0,3125.0,196494,141892,3111.0
2016-03-10,3130.0,3148.0,3089.0,3102.0,111064,141614,3117.0
2016-03-11,3099.0,3143.0,3091.0,3131.0,109862,142330,3125.0
2016-03-14,3121.0,3172.0,3107.0,3153.0,131796,138272,3144.0
2016-03-15,3179.0,3204.0,3155.0,3202.0,164606,135734,3180.0
2016-03-16,3215.0,3223.0,3155.0,3171.0,145370,120792,3179.0
2016-03-17,3181.0,3203.0,3173.0,3198.0,86034,116834,3188.0
2016-03-18,3224.0,3281.0,3215.0,3250.0,146084,112688,3249.0
2016-03-21,3231.0,3232.0,3156.0,3196.0,112066,104494,3198.0
2016-03-22,3209.0,3265.0,3208.0,3254.0,115968,108352,3243.0
2016-03-23,3260.0,3278.0,3208.0,3225.0,88814,99918,3233.0
2016-03-24,3711.0,3794.0,3703.0,3787.0,125140,108264,3764.0
2016-03-25,3795.0,3815.0,3772.0,3790.0,97278,110814,3788.0
2016-03-28,3809.0,3813.0,3756.0,3761.0,82990,110402,3779.0
2016-03-29,3763.0,3778.0,3728.0,3742.0,86908,110570,3752.0
2016-03-30,3742.0,3765.0,3722.0,3729.0,75836,111602,3744.0
2016-03-31,3717.0,3725.0,3643.0,3661.0,126540,104910,3680.0
2016-04-01,3664.0,3685.0,3645.0,3653.0,82870,108688,3665.0
2016-04-05,3088.0,3160.0,3085.0,3159.0,25650,44796,3134.0
2016-04-06,3775.0,3786.0,3741.0,3756.0,118198,122364,3764.0
2016-04-07,3768.0,3800.0,3752.0,3758.0,120888,126572,3777.0
2016-04-08,3760.0,3786.0,3743.0,3773.0,95710,126528,3766.0
2016-04-11,3800.0,3875.0,3800.0,3863.0,170202,137490,3846.0
2016-04-12,3883.0,3886.0,3834.0,3855.0,92202,137152,3851.0
2016-04-13,3885.0,3989.0,3875.0,3900.0,200752,128246,3926.0
2016-04-14,3925.0,3951.0,3880.0,3912.0,107718,124990,3916.0
2016-04-15,3905.0,3938.0,3888.0,3903.0,87930,124718,3910.0
2016-04-18,3922.0,4014.0,3920.0,3984.0,144098,132628,3975.0
2016-04-19,3984.0,4005.0,3956.0,3993.0,76218,127064,3980.0
2016-04-20,4032.0,4178.0,4005.0,4127.0,235044,106786,4097.0
2016-04-21,4190.0,4301.0,4188.0,4301.0,154052,103494,4260.0
2016-04-22,4251.0,4251.0,4088.0,4121.0,202048,89412,4176.0
2016-04-25,4075.0,4145.0,4037.0,4135.0,115918,94220,4095.0
2016-04-26,4148.0,4160.0,4048.0,4078.0,117284,93098,4102.0
2016-04-27,4115.0,4120.0,4002.0,4029.0,116056,91116,4059.0
2016-04-28,4025.0,4030.0,3955.0,3982.0,107730,93440,3989.0
2016-04-29,4019.0,4044.0,3988.0,4029.0,110030,94020,4017.0
2016-05-03,4050.0,4098.0,4005.0,4046.0,125976,98814,4052.0
2016-05-04,4000.0,4079.0,3990.0,4070.0,122124,104612,4037.0
2016-05-05,4083.0,4108.0,4036.0,4059.0,95908,102968,4063.0
2016-05-06,4000.0,4000.0,3902.0,3907.0,162408,92890,3942.0
2016-05-09,3950.0,3965.0,3854.0,3875.0,120680,92946,3895.0
2016-05-10,3843.0,3920.0,3820.0,3898.0,85076,95620,3878.0
2016-05-11,3960.0,3985.0,3925.0,3946.0,114748,99620,3958.0
2016-05-12,3940.0,3940.0,3880.0,3885.0,116360,101860,3909.0
2016-05-13,3821.0,3858.0,3778.0,3805.0,138260,102948,3812.0
2016-05-16,3825.0,3853.0,3801.0,3807.0,82612,106064,3826.0
2016-05-17,3829.0,3846.0,3811.0,3830.0,65746,106518,3829.0
2016-05-18,3871.0,3938.0,3802.0,3834.0,169256,104356,3876.0
2016-05-19,3836.0,3850.0,3808.0,3823.0,70482,105986,3831.0
2016-05-20,3868.0,3868.0,3800.0,3818.0,89558,114194,3823.0
2016-05-23,3798.0,3798.0,3730.0,3776.0,114524,114586,3759.0
2016-05-24,3745.0,3837.0,3742.0,3831.0,121476,112596,3788.0
2016-05-25,3844.0,3894.0,3821.0,3885.0,142060,111252,3855.0
2016-05-26,3900.0,3920.0,3840.0,3889.0,111338,108672,3882.0
2016-05-27,3878.0,3995.0,3857.0,3994.0,192124,118608,3939.0
2016-05-30,3990.0,4016.0,3955.0,3989.0,121582,121124,3980.0
2016-05-31,3965.0,4014.0,3915.0,3918.0,158684,121862,3969.0
2016-06-01,3910.0,3920.0,3809.0,3823.0,160426,116204,3870.0
2016-06-02,3850.0,3879.0,3825.0,3842.0,135004,113958,3851.0
2016-06-03,3867.0,3884.0,3817.0,3844.0,133290,117066,3851.0
2016-06-06,3802.0,3950.0,3800.0,3947.0,193316,129848,3882.0
2016-06-07,3942.0,3972.0,3918.0,3960.0,147824,131002,3945.0
2016-06-08,3940.0,3958.0,3920.0,3940.0,105804,131936,3937.0
2016-06-13,3920.0,4067.0,3835.0,4065.0,254796,150124,4004.0
2016-06-14,4026.0,4048.0,3982.0,4009.0,171154,152234,4012.0
2016-06-15,4008.0,4034.0,3852.0,3857.0,289784,138700,3921.0
2016-06-16,3860.0,3880.0,3826.0,3856.0,153646,131412,3853.0
2016-06-17,3850.0,3918.0,3847.0,3907.0,165416,126410,3894.0
2016-06-20,3880.0,3929.0,3856.0,3888.0,169912,132646,3893.0
2016-06-21,3888.0,3903.0,3791.0,3814.0,243010,145374,3841.0
2016-06-22,3797.0,3840.0,3781.0,3831.0,122592,140628,3823.0
2016-06-23,3834.0,3849.0,3767.0,3812.0,258698,143022,3813.0
2016-06-24,3806.0,3874.0,3800.0,3833.0,163224,133946,3840.0
2016-06-27,3865.0,3988.0,3860.0,3985.0,185224,130524,3940.0
2016-06-28,3996.0,4049.0,3958.0,4042.0,159798,126726,4013.0
2016-06-29,4045.0,4138.0,4020.0,4081.0,192594,124062,4075.0
2016-06-30,4098.0,4110.0,4035.0,4079.0,123758,122212,4070.0
2016-07-01,4100.0,4187.0,4063.0,4143.0,179554,127448,4131.0
2016-07-04,4160.0,4258.0,4142.0,4194.0,228330,122626,4203.0
2016-07-05,4175.0,4237.0,4039.0,4210.0,220512,123456,4149.0
2016-07-06,4126.0,4293.0,4081.0,4235.0,423418,133070,4219.0
2016-07-07,4300.0,4312.0,4126.0,4175.0,249028,122882,4215.0
2016-07-08,4150.0,4209.0,4085.0,4138.0,217414,113124,4140.0
2016-07-11,4175.0,4290.0,4175.0,4260.0,217670,124430,4253.0
2016-07-12,4250.0,4310.0,4153.0,4176.0,292164,118868,4229.0
2016-07-13,4202.0,4248.0,4156.0,4173.0,227904,117220,4204.0
2016-07-14,4160.0,4187.0,4112.0,4152.0,153116,114706,4149.0
2016-07-15,4110.0,4190.0,4100.0,4124.0,165842,116718,4141.0
2016-07-18,4115.0,4176.0,4094.0,4100.0,154458,118036,4132.0
2016-07-19,4127.0,4148.0,4000.0,4007.0,196988,119082,4071.0
2016-07-20,4005.0,4021.0,3968.0,3974.0,145264,114798,3995.0
2016-07-21,3985.0,4030.0,3950.0,4014.0,131600,112306,3997.0
2016-07-22,4005.0,4043.0,3895.0,3899.0,193980,114468,3966.0
2016-07-25,3868.0,3919.0,3845.0,3857.0,136890,116704,3877.0
2016-07-26,3848.0,3895.0,3835.0,3862.0,103072,117908,3869.0
2016-07-27,3882.0,3905.0,3818.0,3834.0,168866,124738,3857.0
2016-07-28,3850.0,3867.0,3812.0,3845.0,124186,115562,3844.0
2016-07-29,3850.0,3898.0,3786.0,3805.0,194826,107272,3848.0
2016-08-01,3465.0,3469.0,3413.0,3433.0,75458,142626,3437.0
2016-08-02,3420.0,3460.0,3407.0,3442.0,76832,150096,3444.0
2016-08-03,3445.0,3468.0,3432.0,3444.0,88298,157166,3450.0
2016-08-04,3450.0,3496.0,3450.0,3482.0,131356,157190,3477.0
2016-08-05,3485.0,3526.0,3466.0,3482.0,100212,164212,3493.0
2016-08-08,3505.0,3516.0,3446.0,3456.0,133196,187750,3484.0
2016-08-09,3460.0,3485.0,3425.0,3471.0,124128,194242,3464.0
2016-08-10,3481.0,3510.0,3474.0,3487.0,143452,202918,3489.0
2016-08-11,3475.0,3499.0,3450.0,3453.0,147150,212618,3476.0
2016-08-12,3460.0,3469.0,3431.0,3436.0,137590,231754,3446.0
2016-08-15,3441.0,3495.0,3441.0,3478.0,172164,223168,3473.0
2016-08-16,3493.0,3515.0,3474.0,3493.0,175522,229250,3495.0
2016-08-17,3500.0,3565.0,3500.0,3540.0,219434,222722,3542.0
2016-08-18,3550.0,3562.0,3480.0,3507.0,196966,229794,3523.0
2016-08-19,3510.0,3521.0,3460.0,3473.0,140714,239812,3494.0
2016-08-22,3486.0,3520.0,3466.0,3475.0,160332,239922,3494.0
2016-08-23,3490.0,3500.0,3384.0,3395.0,254362,277642,3434.0
2016-08-24,3402.0,3407.0,3370.0,3382.0,148510,288424,3391.0
2016-08-25,3370.0,3405.0,3332.0,3377.0,237098,288614,3371.0
2016-08-26,3380.0,3392.0,3353.0,3355.0,120608,292426,3369.0
2016-08-29,3344.0,3388.0,3335.0,3371.0,145468,294532,3370.0
2016-08-30,3375.0,3393.0,3366.0,3372.0,98438,288588,3378.0
2016-08-31,3370.0,3399.0,3320.0,3348.0,195426,290684,3357.0
2016-09-01,3355.0,3374.0,3340.0,3370.0,101502,282854,3358.0
2016-09-02,3388.0,3424.0,3362.0,3385.0,162580,276384,3387.0
2016-09-05,3386.0,3396.0,3336.0,3355.0,143678,282722,3361.0
2016-09-06,3362.0,3380.0,3345.0,3378.0,113108,279194,3364.0
2016-09-07,3388.0,3415.0,3355.0,3400.0,199832,267244,3389.0
2016-09-08,3403.0,3448.0,3388.0,3438.0,195108,253914,3427.0
2016-09-09,3440.0,3445.0,3391.0,3407.0,158592,253686,3413.0
2016-09-12,3391.0,3392.0,3345.0,3358.0,141972,249990,3364.0
2016-09-13,3354.0,3378.0,3350.0,3362.0,109122,255304,3365.0
2016-09-14,3350.0,3386.0,3325.0,3374.0,125836,241200,3367.0
2016-09-19,3380.0,3430.0,3380.0,3420.0,147656,234864,3412.0
2016-09-20,3420.0,3438.0,3399.0,3427.0,125758,235930,3416.0
2016-09-21,3440.0,3460.0,3371.0,3388.0,162376,230348,3404.0
2016-09-22,3390.0,3420.0,3375.0,3405.0,133018,225996,3396.0
2016-09-23,3406.0,3412.0,3360.0,3376.0,119728,225030,3378.0
2016-09-26,3361.0,3370.0,3341.0,3349.0,102770,232326,3352.0
2016-09-27,3341.0,3364.0,3273.0,3275.0,229878,246966,3313.0
2016-09-28,3278.0,3281.0,3242.0,3259.0,124716,240738,3257.0
2016-09-29,3265.0,3287.0,3232.0,3246.0,128516,235230,3260.0
2016-09-30,3241.0,3277.0,3241.0,3271.0,86108,225438,3259.0
2016-10-10,3277.0,3311.0,3244.0,3291.0,118980,218192,3284.0
2016-10-11,3305.0,3333.0,3300.0,3322.0,125772,208264,3316.0
2016-10-12,3333.0,3405.0,3330.0,3386.0,197112,185528,3367.0
2016-10-13,3397.0,3420.0,3373.0,3408.0,140830,178026,3397.0
2016-10-14,3408.0,3430.0,3376.0,3420.0,112426,177916,3399.0
2016-10-17,3420.0,3435.0,3382.0,3429.0,122066,178638,3412.0
2016-10-18,3430.0,3567.0,3401.0,3552.0,300484,184780,3495.0
2016-10-19,3559.0,3570.0,3496.0,3520.0,155158,170848,3529.0
2016-10-20,3545.0,3643.0,3533.0,3594.0,203886,170238,3606.0
2016-10-21,3589.0,3593.0,3512.0,3559.0,140776,155380,3553.0
2016-10-24,3589.0,3632.0,3566.0,3608.0,115406,160200,3607.0
2016-10-25,3617.0,3667.0,3518.0,3528.0,185706,152062,3567.0
2016-10-26,3516.0,3586.0,3506.0,3586.0,138352,151384,3558.0
2016-10-27,3598.0,3615.0,3535.0,3545.0,161538,145062,3572.0
2016-10-28,3556.0,3666.0,3546.0,3623.0,197554,148946,3614.0
2016-10-31,3614.0,3640.0,3565.0,3586.0,130130,141790,3594.0
2016-11-01,3571.0,3625.0,3522.0,3549.0,150786,136352,3581.0
2016-11-02,3532.0,3548.0,3448.0,3456.0,179988,130396,3491.0
2016-11-03,3461.0,3488.0,3440.0,3477.0,88656,128248,3468.0
2016-11-04,3488.0,3518.0,3442.0,3476.0,146272,124834,3481.0
2016-11-07,3490.0,3655.0,3488.0,3640.0,213170,120416,3602.0
2016-11-08,3656.0,3725.0,3636.0,3697.0,208364,122846,3687.0
2016-11-09,3713.0,3732.0,3651.0,3698.0,133704,117296,3685.0
2016-11-10,3730.0,3869.0,3663.0,3846.0,247792,125724,3785.0
2016-11-11,3848.0,3879.0,3780.0,3819.0,175734,111826,3820.0
2016-11-14,3650.0,3797.0,3631.0,3682.0,217542,95162,3707.0
2016-11-15,3682.0,3780.0,3670.0,3709.0,160946,94996,3726.0
2016-11-16,3726.0,3738.0,3643.0,3673.0,134804,98940,3689.0
2016-11-17,3662.0,3674.0,3590.0,3604.0,152962,98508,3620.0
2016-11-18,3620.0,3696.0,3606.0,3664.0,186092,98070,3660.0
2016-11-21,3685.0,3772.0,3670.0,3684.0,174588,96744,3725.0
2016-11-22,3719.0,3738.0,3654.0,3685.0,204646,105414,3698.0
2016-11-23,3700.0,3757.0,3677.0,3700.0,187286,103396,3714.0
2016-11-24,3718.0,3729.0,3608.0,3624.0,202572,102984,3662.0
2016-11-25,3625.0,3643.0,3554.0,3576.0,142820,97180,3585.0
2016-11-28,3585.0,3653.0,3574.0,3627.0,119830,91196,3617.0
2016-11-29,3550.0,3607.0,3506.0,3521.0,117170,103034,3554.0
2016-11-30,3500.0,3673.0,3480.0,3661.0,327884,127514,3617.0
2016-12-01,3670.0,3685.0,3618.0,3638.0,133100,122746,3647.0
2016-12-02,3638.0,3715.0,3587.0,3695.0,219676,141224,3661.0
2016-12-05,3685.0,3709.0,3621.0,3623.0,165534,138432,3663.0
2016-12-06,3623.0,3654.0,3581.0,3609.0,131962,142964,3613.0
2016-12-07,3635.0,3649.0,3613.0,3620.0,136484,140400,3629.0
2016-12-08,3608.0,3687.0,3515.0,3520.0,309282,150634,3603.0
2016-12-09,3498.0,3539.0,3476.0,3510.0,142356,149782,3509.0
2016-12-12,3530.0,3558.0,3511.0,3527.0,154550,155578,3537.0
2016-12-13,3531.0,3575.0,3500.0,3539.0,155250,159574,3542.0
2016-12-14,3516.0,3580.0,3507.0,3520.0,164632,159828,3539.0
2016-12-15,3520.0,3553.0,3491.0,3512.0,151168,162602,3523.0
2016-12-16,3520.0,3585.0,3513.0,3525.0,193644,157370,3550.0
2016-12-19,3535.0,3580.0,3520.0,3538.0,158438,160420,3544.0
2016-12-20,3520.0,3534.0,3394.0,3411.0,266486,173392,3436.0
2016-12-21,3412.0,3424.0,3374.0,3386.0,119636,178638,3397.0
2016-12-22,3380.0,3420.0,3376.0,3386.0,116398,174326,3399.0
2016-12-23,3395.0,3430.0,3341.0,3369.0,228466,180262,3389.0
2016-12-26,3362.0,3395.0,3309.0,3390.0,177122,175782,3348.0
2016-12-27,3392.0,3430.0,3376.0,3412.0,132274,173894,3404.0
2016-12-28,3444.0,3458.0,3366.0,3390.0,170116,180380,3411.0
2016-12-29,3385.0,3428.0,3373.0,3401.0,127514,179686,3408.0
2016-12-30,3400.0,3407.0,3346.0,3375.0,135488,180514,3374.0
2017-01-02,3400.0,3407.0,3346.0,3400.0,0,180514,0.0
2017-01-03,3350.0,3390.0,3349.0,3374.0,128730,192260,3370.0
2017-01-04,3368.0,3420.0,3313.0,3418.0,260066,190586,3372.0
2017-01-05,3425.0,3452.0,3401.0,3417.0,143652,188534,3425.0
2017-01-06,3420.0,3433.0,3335.0,3355.0,190870,192732,3379.0
2017-01-09,3351.0,3375.0,3340.0,3365.0,123232,193840,3358.0
2017-01-10,3375.0,3386.0,3343.0,3366.0,143634,199296,3366.0
2017-01-11,3374.0,3502.0,3374.0,3484.0,354952,205566,3455.0
2017-01-12,3480.0,3508.0,3432.0,3455.0,171926,204834,3463.0
2017-01-13,3480.0,3485.0,3388.0,3404.0,190564,214246,3439.0
2017-01-16,3406.0,3442.0,3383.0,3426.0,229884,230486,3418.0
2017-01-17,3429.0,3479.0,3345.0,3380.0,298270,228806,3404.0
2017-01-18,3390.0,3401.0,3371.0,3388.0,130140,223772,3385.0
2017-01-19,3400.0,3447.0,3393.0,3424.0,211010,219512,3426.0
2017-01-20,3420.0,3428.0,3370.0,3386.0,132842,213180,3388.0
2017-01-23,3388.0,3423.0,3355.0,3402.0,159572,220096,3393.0
2017-01-24,3405.0,3440.0,3390.0,3418.0,160584,221946,3417.0
2017-01-25,3410.0,3417.0,3373.0,3391.0,122008,211826,3395.0
2017-01-26,3395.0,3418.0,3380.0,3393.0,111356,202720,3397.0
2017-02-03,3380.0,3380.0,3286.0,3299.0,218422,240958,3316.0
2017-02-06,3295.0,3330.0,3287.0,3317.0,145982,250774,3315.0
2017-02-07,3315.0,3332.0,3305.0,3314.0,103684,257446,3317.0
2017-02-08,3322.0,3344.0,3314.0,3323.0,189274,265362,3325.0
2017-02-09,3333.0,3336.0,3303.0,3320.0,168468,273020,3321.0
2017-02-10,3318.0,3335.0,3311.0,3325.0,154250,270292,3323.0
2017-02-13,3330.0,3385.0,3235.0,3368.0,364336,273086,3340.0
2017-02-14,3366.0,3389.0,3341.0,3363.0,176142,272066,3366.0
2017-02-15,3350.0,3355.0,3300.0,3314.0,223062,271248,3322.0
2017-02-16,3321.0,3341.0,3308.0,3317.0,157362,270844,3324.0
2017-02-17,3313.0,3328.0,3248.0,3277.0,272622,279850,3283.0
2017-02-20,3276.0,3292.0,3260.0,3284.0,129086,284242,3275.0
2017-02-21,3288.0,3310.0,3275.0,3295.0,157716,283130,3293.0
2017-02-22,3279.0,3320.0,3267.0,3315.0,203534,290068,3301.0
2017-02-23,3319.0,3326.0,3275.0,3294.0,163228,289184,3294.0
2017-02-24,3272.0,3356.0,3268.0,3352.0,296794,302252,3324.0
2017-02-27,3352.0,3366.0,3323.0,3343.0,174882,311456,3338.0
2017-02-28,3343.0,3378.0,3308.0,3328.0,266116,311838,3339.0
2017-03-01,3340.0,3352.0,3320.0,3330.0,143634,315258,3335.0
2017-03-02,3340.0,3350.0,3323.0,3346.0,134616,320652,3337.0
2017-03-03,3326.0,3343.0,3301.0,3318.0,170376,313336,3321.0
2017-03-06,3316.0,3328.0,3293.0,3299.0,176122,331156,3310.0
2017-03-07,3301.0,3304.0,3255.0,3258.0,227776,346836,3275.0
2017-03-08,3240.0,3246.0,3181.0,3218.0,260906,325794,3215.0
2017-03-09,3210.0,3225.0,3198.0,3214.0,122684,312402,3213.0
2017-03-10,3215.0,3233.0,3200.0,3205.0,136510,301336,3214.0
2017-03-13,3205.0,3232.0,3190.0,3221.0,129862,296416,3219.0
2017-03-14,3220.0,3236.0,3204.0,3222.0,127094,295390,3217.0
2017-03-15,3230.0,3241.0,3201.0,3217.0,156150,299396,3221.0
2017-03-16,3223.0,3229.0,3159.0,3163.0,221118,302644,3190.0
2017-03-17,3156.0,3173.0,3147.0,3156.0,99520,299292,3163.0
2017-03-20,3182.0,3272.0,3181.0,3269.0,253532,261070,3234.0
2017-03-21,3285.0,3320.0,3267.0,3319.0,231630,230486,3299.0
2017-03-22,3310.0,3315.0,3273.0,3294.0,121688,221402,3290.0
2017-03-23,3294.0,3305.0,3272.0,3293.0,102394,221662,3288.0
2017-03-24,3290.0,3303.0,3248.0,3266.0,138500,216104,3270.0
2017-03-27,3258.0,3287.0,3250.0,3277.0,115268,214244,3268.0
2017-03-28,3285.0,3306.0,3193.0,3220.0,211892,199232,3238.0
2017-03-29,3226.0,3233.0,3202.0,3224.0,79928,196554,3217.0
2017-03-30,3215.0,3215.0,3142.0,3148.0,164060,187552,3167.0
2017-03-31,3155.0,3161.0,3100.0,3126.0,142540,170742,3120.0
2017-04-05,3086.0,3110.0,3037.0,3057.0,128634,166372,3068.0
2017-04-06,3060.0,3073.0,3053.0,3062.0,51964,162738,3061.0
2017-04-07,3047.0,3050.0,3006.0,3011.0,79328,149628,3028.0
2017-04-10,3000.0,3000.0,2906.0,2919.0,121726,154236,2938.0
2017-04-11,2900.0,2916.0,2866.0,2885.0,78410,147890,2891.0
2017-04-12,3918.0,3970.0,3911.0,3926.0,121708,162776,3945.0
2017-04-13,3918.0,3935.0,3846.0,3881.0,190402,174656,3879.0
2017-04-14,3891.0,3899.0,3858.0,3867.0,82744,175246,3870.0
2017-04-17,3879.0,3947.0,3845.0,3932.0,186490,174644,3900.0
2017-04-18,3920.0,3935.0,3858.0,3879.0,144130,172356,3894.0
2017-04-19,3850.0,3867.0,3722.0,3759.0,259914,188306,3777.0
2017-04-20,3755.0,3818.0,3716.0,3809.0,212166,180742,3765.0
2017-04-21,3799.0,3827.0,3782.0,3810.0,124502,179462,3804.0
2017-04-24,3783.0,3836.0,3752.0,3785.0,201652,189304,3791.0
2017-04-25,3780.0,3854.0,3772.0,3851.0,202014,193898,3819.0
2017-04-26,3858.0,3920.0,3851.0,3917.0,230768,184466,3884.0
2017-04-27,3918.0,3925.0,3851.0,3885.0,182550,184300,3881.0
2017-04-28,3880.0,3942.0,3866.0,3931.0,160054,181782,3908.0
2017-05-02,3968.0,3968.0,3906.0,3928.0,131062,183516,3930.0
2017-05-03,3920.0,3935.0,3839.0,3841.0,204386,189650,3875.0
2017-05-04,3820.0,3875.0,3811.0,3846.0,190900,185424,3842.0
2017-05-05,3819.0,3849.0,3811.0,3832.0,114490,182070,3829.0
2017-05-08,3830.0,3832.0,3638.0,3638.0,408382,228446,3703.0
2017-05-09,3630.0,3630.0,3560.0,3593.0,379428,241496,3592.0
2017-05-10,3600.0,3626.0,3571.0,3597.0,240552,246278,3593.0
2017-05-11,3599.0,3638.0,3552.0,3620.0,324894,237260,3603.0
2017-05-12,3610.0,3645.0,3585.0,3598.0,212612,237066,3616.0
2017-05-15,3570.0,3586.0,3508.0,3525.0,350346,271928,3530.0
2017-05-16,3500.0,3558.0,3463.0,3530.0,244386,273452,3521.0
2017-05-17,3521.0,3555.0,3500.0,3505.0,279312,290554,3527.0
2017-05-18,3498.0,3547.0,3482.0,3535.0,278620,289726,3524.0
2017-05-19,3540.0,3575.0,3504.0,3513.0,272294,291602,3531.0
2017-05-22,3521.0,3578.0,3484.0,3532.0,354922,293344,3546.0
2017-05-23,3523.0,3541.0,3503.0,3518.0,335930,313584,3522.0
2017-05-24,3515.0,3561.0,3515.0,3540.0,289440,313694,3540.0
2017-05-25,3540.0,3555.0,3516.0,3524.0,239812,317386,3532.0
2017-05-26,3514.0,3528.0,3402.0,3421.0,518934,349802,3442.0
2017-05-31,3420.0,3456.0,3367.0,3376.0,342862,336640,3417.0
2017-06-01,3400.0,3587.0,3398.0,3587.0,729792,310918,3534.0
2017-06-02,3604.0,3648.0,3564.0,3622.0,593304,272440,3602.0
2017-06-05,3620.0,3620.0,3551.0,3564.0,290698,270984,3574.0
2017-06-06,3557.0,3642.0,3553.0,3588.0,479862,270958,3604.0
2017-06-07,3588.0,3621.0,3565.0,3615.0,286800,277528,3591.0
2017-06-08,3623.0,3685.0,3616.0,3677.0,448290,288868,3661.0
2017-06-09,3700.0,3706.0,3650.0,3681.0,249064,278756,3676.0
2017-06-12,3700.0,3734.0,3653.0,3728.0,374548,282680,3695.0
2017-06-13,3718.0,3738.0,3702.0,3727.0,286686,286690,3722.0
2017-06-14,3735.0,3750.0,3705.0,3725.0,310386,287256,3724.0
2017-06-15,3740.0,3810.0,3726.0,3784.0,435806,299288,3767.0
2017-06-16,3804.0,3862.0,3788.0,3811.0,537942,274540,3818.0
2017-06-19,3900.0,3965.0,3884.0,3956.0,569154,293694,3932.0
2017-06-20,3958.0,3980.0,3917.0,3970.0,351912,303726,3941.0
2017-06-21,3989.0,4047.0,3963.0,4044.0,580420,357860,3998.0
2017-06-22,4044.0,4075.0,4002.0,4027.0,698428,331524,4037.0
2017-06-23,4017.0,4017.0,3898.0,3931.0,790810,302398,3943.0
2017-06-26,3869.0,3988.0,3842.0,3982.0,643202,316992,3934.0
2017-06-27,3980.0,4040.0,3967.0,4040.0,531150,316504,4005.0
2017-06-28,4050.0,4059.0,3984.0,4030.0,540622,326866,4020.0
2017-06-29,4015.0,4050.0,4001.0,4019.0,372192,315274,4020.0
2017-06-30,4010.0,4033.0,3942.0,4022.0,569204,312148,3991.0
2017-07-03,3950.0,4023.0,3950.0,4004.0,352536,310560,3996.0
2017-07-04,3970.0,3979.0,3797.0,3797.0,648196,273646,3868.0
2017-07-05,3756.0,3813.0,3737.0,3788.0,488322,243952,3775.0
2017-07-06,3800.0,3963.0,3800.0,3963.0,601182,280046,3920.0
2017-07-07,3965.0,4018.0,3922.0,3962.0,641980,242662,3967.0
2017-07-10,3950.0,4029.0,3908.0,3924.0,419638,235738,3971.0
2017-07-11,3949.0,3989.0,3937.0,3967.0,281980,229664,3963.0
2017-07-12,3960.0,3968.0,3843.0,3893.0,581690,229182,3897.0
2017-07-13,3879.0,3895.0,3858.0,3874.0,231132,222094,3877.0
2017-07-14,3850.0,3932.0,3816.0,3922.0,346582,226848,3892.0
2017-07-17,3895.0,3978.0,3862.0,3941.0,354156,221768,3915.0
2017-07-18,3955.0,4010.0,3942.0,3980.0,298276,221360,3978.0
2017-07-19,4010.0,4044.0,3980.0,4014.0,261010,219418,4009.0
2017-07-20,4020.0,4027.0,3960.0,3972.0,246308,217380,3996.0
2017-07-21,3982.0,3998.0,3956.0,3969.0,185056,213438,3975.0
2017-07-24,3948.0,3949.0,3868.0,3897.0,252108,209124,3893.0
2017-07-25,3941.0,4025.0,3930.0,3990.0,347104,202720,3985.0
2017-07-26,4020.0,4034.0,3903.0,3949.0,279662,184578,3970.0
2017-07-27,3970.0,3990.0,3928.0,3957.0,154600,179016,3962.0
2017-07-28,3948.0,3983.0,3860.0,3897.0,299160,167040,3912.0
2017-07-31,4005.0,4075.0,3941.0,4032.0,363510,141488,4008.0
2017-08-01,4016.0,4030.0,3970.0,3982.0,162898,128182,3995.0
2017-08-02,4060.0,4122.0,4052.0,4107.0,69136,136966,4096.0
2017-08-03,4096.0,4111.0,4080.0,4088.0,55790,130926,4094.0
2017-08-04,4120.0,4290.0,4117.0,4260.0,248006,168666,4218.0
2017-08-07,4298.0,4410.0,4272.0,4295.0,249786,178780,4325.0
2017-08-08,4295.0,4358.0,4281.0,4345.0,175570,194020,4328.0
2017-08-09,4351.0,4520.0,4350.0,4461.0,331816,209520,4452.0
2017-08-10,4450.0,4487.0,4421.0,4469.0,179900,204576,4454.0
2017-08-11,4450.0,4535.0,4392.0,4503.0,320832,216650,4459.0
2017-08-14,4477.0,4543.0,4451.0,4515.0,312240,231332,4499.0
2017-08-15,4526.0,4526.0,4435.0,4457.0,315274,219138,4470.0
2017-08-16,4480.0,4508.0,4451.0,4478.0,237258,225230,4480.0
2017-08-17,4500.0,4510.0,4416.0,4447.0,302734,226312,4450.0
2017-08-18,4446.0,4508.0,4444.0,4465.0,265168,224506,4475.0
2017-08-21,4496.0,4626.0,4486.0,4593.0,320062,243050,4583.0
2017-08-22,4589.0,4605.0,4555.0,4575.0,178618,229500,4585.0
2017-08-23,4550.0,4551.0,4363.0,4412.0,403880,208494,4428.0
2017-08-24,4424.0,4444.0,4359.0,4378.0,210356,210142,4390.0
2017-08-25,4390.0,4396.0,4303.0,4323.0,306556,204958,4344.0
2017-08-28,4300.0,4365.0,4263.0,4332.0,251408,215438,4327.0
2017-08-29,4352.0,4386.0,4322.0,4337.0,211360,215746,4349.0
2017-08-30,4359.0,4365.0,4218.0,4244.0,319888,221990,4270.0
2017-08-31,4228.0,4269.0,4212.0,4227.0,223914,219920,4241.0
2017-09-01,4255.0,4283.0,4213.0,4227.0,212028,223490,4247.0
2017-09-04,4260.0,4325.0,4240.0,4263.0,281940,220426,4281.0
2017-09-05,4285.0,4298.0,4201.0,4244.0,268332,218726,4250.0
2017-09-06,4260.0,4300.0,4251.0,4273.0,226140,214366,4274.0
2017-09-07,4257.0,4284.0,4160.0,4179.0,356856,226860,4206.0
2017-09-08,4189.0,4198.0,4122.0,4153.0,202356,210888,4163.0
2017-09-11,4126.0,4218.0,4126.0,4194.0,223926,208566,4189.0
2017-09-12,4195.0,4236.0,4166.0,4193.0,193320,207508,4199.0
2017-09-13,4186.0,4212.0,4088.0,4152.0,244986,209510,4146.0
2017-09-14,4160.0,4202.0,4143.0,4193.0,208996,202458,4173.0
2017-09-15,4190.0,4220.0,4151.0,4179.0,234328,206598,4184.0
2017-09-18,4130.0,4148.0,4053.0,4079.0,271126,213954,4081.0
2017-09-19,4050.0,4080.0,4038.0,4049.0,137510,207406,4058.0
2017-09-20,4055.0,4089.0,4055.0,4081.0,118220,204302,4075.0
2017-09-21,4092.0,4265.0,4020.0,4171.0,401114,201880,4117.0
2017-09-22,4169.0,4229.0,4150.0,4177.0,252812,197262,4188.0
2017-09-25,4130.0,4158.0,4055.0,4089.0,246026,193588,4098.0
2017-09-26,4096.0,4150.0,4085.0,4120.0,170516,189688,4119.0
2017-09-27,4120.0,4141.0,4072.0,4117.0,196066,193030,4106.0
2017-09-28,4103.0,4216.0,4080.0,4169.0,280342,185954,4149.0
2017-09-29,4167.0,4208.0,4157.0,4185.0,169974,174342,4181.0
2017-10-09,3676.0,3760.0,3577.0,3652.0,86,44,3632.0
2017-10-10,4185.0,4249.0,4176.0,4210.0,208934,195262,4216.0
2017-10-11,4205.0,4288.0,4192.0,4271.0,253210,219544,4259.0
2017-10-12,4265.0,4279.0,4241.0,4251.0,136434,205738,4259.0
2017-10-13,4246.0,4265.0,4205.0,4240.0,212280,204186,4232.0
2017-10-16,4242.0,4313.0,4235.0,4267.0,219558,209022,4276.0
2017-10-17,4250.0,4296.0,4223.0,4269.0,147702,208348,4264.0
2017-10-18,4275.0,4296.0,4243.0,4272.0,128464,208724,4271.0
2017-10-19,4281.0,4343.0,4270.0,4322.0,231196,221936,4319.0
2017-10-20,4340.0,4394.0,4337.0,4354.0,205666,218682,4369.0
2017-10-23,4355.0,4359.0,4294.0,4330.0,126516,209614,4328.0
2017-10-24,4320.0,4375.0,4308.0,4345.0,132580,216834,4344.0
2017-10-25,4348.0,4364.0,4322.0,4340.0,112994,214534,4342.0
2017-10-26,4347.0,4384.0,4328.0,4341.0,143258,214786,4352.0
2017-10-27,4350.0,4355.0,4255.0,4290.0,210654,202846,4289.0
2017-10-30,4294.0,4316.0,4228.0,4237.0,142450,197288,4271.0
2017-10-31,4238.0,4259.0,4220.0,4249.0,90370,189522,4244.0
2017-11-01,4265.0,4334.0,4253.0,4289.0,165598,183162,0.0
2017-11-02,4297.0,4318.0,4270.0,4316.0,101966,180876,0.0
2017-11-03,4312.0,4322.0,4288.0,4295.0,80556,177580,0.0
2017-11-06,4297.0,4375.0,4297.0,4346.0,125992,185272,0.0
2017-11-07,4362.0,4408.0,4351.0,4400.0,135402,198060,0.0
2017-11-08,4420.0,4445.0,4394.0,4411.0,179628,202610,0.0
2017-11-09,4422.0,4444.0,4390.0,4427.0,123948,204556,0.0
2017-11-10,4420.0,4468.0,4405.0,4414.0,147382,207132,0.0
2017-11-13,4417.0,4428.0,4372.0,4422.0,135138,204150,0.0
2017-11-14,4412.0,4438.0,4400.0,4416.0,75808,196782,0.0
2017-11-15,4390.0,4455.0,4375.0,4415.0,180222,203842,0.0
2017-11-16,4418.0,4430.0,4367.0,4407.0,118358,189974,0.0
2017-11-17,4391.0,4444.0,4360.0,4407.0,137504,186948,0.0
2017-11-20,4409.0,4410.0,4322.0,4339.0,147410,173000,0.0
2017-11-21,4360.0,4390.0,4348.0,4381.0,107238,168450,0.0
2017-11-22,4410.0,4495.0,4398.0,4490.0,227500,187254,0.0
2017-11-23,4508.0,4525.0,4480.0,4482.0,94404,173694,0.0
2017-11-24,4490.0,4516.0,4472.0,4491.0,68958,164476,0.0
2017-11-27,4486.0,4538.0,4466.0,4498.0,108998,158684,0.0
2017-11-28,4515.0,4515.0,4476.0,4509.0,69120,152930,0.0
2017-11-29,4520.0,4578.0,4496.0,4569.0,128138,151156,0.0
2017-11-30,4575.0,4588.0,4473.0,4493.0,115038,115704,0.0
2017-12-01,4031.0,4044.0,3972.0,3987.0,81574,156168,0.0
2017-12-04,3980.0,4035.0,3962.0,4007.0,98204,166844,0.0
2017-12-05,4007.0,4040.0,3838.0,3936.0,171456,162188,0.0
2017-12-06,3940.0,3945.0,3880.0,3890.0,105040,160188,0.0
2017-12-07,3895.0,3922.0,3825.0,3846.0,130334,158364,0.0
2017-12-08,3866.0,3875.0,3835.0,3866.0,77640,158008,0.0
2017-12-11,3862.0,3870.0,3796.0,3820.0,120756,167166,0.0
2017-12-12,3830.0,3844.0,3805.0,3824.0,63428,167150,0.0
2017-12-13,3812.0,3859.0,3760.0,3842.0,170660,173302,0.0
2017-12-14,3842.0,3870.0,3829.0,3857.0,87856,173540,0.0
2017-12-15,3862.0,3888.0,3805.0,3858.0,150506,181604,0.0
2017-12-18,3885.0,3910.0,3855.0,3870.0,114130,177666,0.0
2017-12-19,3870.0,3870.0,3801.0,3808.0,150456,194888,0.0
2017-12-20,3796.0,3819.0,3770.0,3781.0,94258,191824,0.0
2017-12-21,3781.0,3823.0,3739.0,3775.0,140756,195768,0.0
2017-12-22,3792.0,3799.0,3770.0,3789.0,63754,188266,0.0
2017-12-25,3810.0,3825.0,3751.0,3809.0,120710,188308,0.0
2017-12-26,3801.0,3810.0,3774.0,3781.0,84154,192052,0.0
2017-12-27,3784.0,3812.0,3775.0,3805.0,86452,188694,0.0
2017-12-28,3805.0,3845.0,3787.0,3820.0,135784,190642,0.0
2017-12-29,3810.0,3843.0,3796.0,3815.0,104930,181610,0.0
2018-01-02,3820.0,3857.0,3820.0,3848.0,103114,185912,0.0
2018-01-03,3853.0,3861.0,3802.0,3804.0,119490,197770,0.0
2018-01-04,3814.0,3814.0,3767.0,3797.0,115256,193662,0.0
2018-01-05,3800.0,3807.0,3781.0,3788.0,69968,197094,0.0
2018-01-08,3780.0,3803.0,3714.0,3717.0,200296,222406,0.0
2018-01-09,3717.0,3732.0,3715.0,3720.0,72246,219010,0.0
2018-01-10,3719.0,3737.0,3700.0,3721.0,90462,222708,0.0
2018-01-11,3731.0,3731.0,3710.0,3722.0,61720,217912,0.0
2018-01-12,3719.0,3742.0,3676.0,3722.0,155556,217126,0.0
2018-01-15,3718.0,3731.0,3701.0,3707.0,92788,218962,0.0
2018-01-16,3702.0,3725.0,3670.0,3672.0,109464,223156,0.0
2018-01-17,3678.0,3693.0,3663.0,3672.0,92684,223996,0.0
2018-01-18,3669.0,3699.0,3656.0,3685.0,80734,221628,0.0
2018-01-19,3681.0,3710.0,3670.0,3687.0,95092,223026,0.0
2018-01-22,3700.0,3715.0,3648.0,3680.0,129928,224792,0.0
2018-01-23,3678.0,3696.0,3666.0,3676.0,75182,222282,0.0
2018-01-24,3686.0,3728.0,3676.0,3708.0,135470,226908,0.0
2018-01-25,3698.0,3721.0,3671.0,3681.0,121516,229610,0.0
2018-01-26,3676.0,3697.0,3663.0,3676.0,92590,232190,0.0
2018-01-29,3685.0,3685.0,3614.0,3626.0,160302,242740,0.0
2018-01-30,3631.0,3640.0,3618.0,3626.0,70974,232302,0.0
2018-01-31,3627.0,3636.0,3590.0,3623.0,116078,236946,0.0
2018-02-01,3634.0,3639.0,3604.0,3615.0,71186,232882,0.0
2018-02-02,3620.0,3627.0,3580.0,3614.0,96874,235382,0.0
2018-02-05,3630.0,3708.0,3626.0,3677.0,202134,226272,0.0
2018-02-06,3683.0,3694.0,3660.0,3682.0,90802,220686,0.0
2018-02-07,3689.0,3697.0,3652.0,3669.0,111808,219308,0.0
2018-02-08,3661.0,3693.0,3657.0,3678.0,86742,214716,0.0
2018-02-09,3680.0,3728.0,3666.0,3691.0,128514,200302,0.0
2018-02-12,3695.0,3740.0,3671.0,3732.0,109904,198790,0.0
2018-02-13,3745.0,3765.0,3728.0,3756.0,110518,185750,0.0
2018-02-14,3756.0,3760.0,3691.0,3700.0,74802,173068,0.0
2018-02-22,3676.0,3712.0,3662.0,3698.0,99072,180206,0.0
2018-02-23,3693.0,3794.0,3690.0,3788.0,175166,196616,0.0
2018-02-26,3800.0,3817.0,3775.0,3793.0,99408,189098,0.0
2018-02-27,3797.0,3798.0,3755.0,3776.0,78412,191728,0.0
2018-02-28,3772.0,3787.0,3757.0,3768.0,63690,191444,0.0
2018-03-01,3770.0,3797.0,3750.0,3772.0,101642,194512,0.0
2018-03-02,3764.0,3824.0,3762.0,3793.0,126800,196214,0.0
2018-03-05,3750.0,3750.0,3680.0,3681.0,165366,182506,0.0
2018-03-06,3650.0,3708.0,3631.0,3693.0,138784,173906,0.0
2018-03-07,3700.0,3714.0,3655.0,3658.0,94096,173840,0.0
2018-03-08,3666.0,3695.0,3658.0,3669.0,75660,170510,0.0
2018-03-09,3675.0,3700.0,3635.0,3675.0,124938,166702,0.0
2018-03-12,3650.0,3661.0,3583.0,3595.0,165528,176942,3613.0
2018-03-13,3609.0,3621.0,3597.0,3606.0,60850,174646,3607.0
2018-03-14,3607.0,3640.0,3603.0,3637.0,75114,173660,3623.0
2018-03-15,3642.0,3652.0,3625.0,3643.0,72454,170830,3635.0
2018-03-16,3637.0,3642.0,3607.0,3615.0,79376,168040,3619.0
2018-03-19,3592.0,3592.0,3439.0,3439.0,263366,184720,3478.0
2018-03-20,3407.0,3420.0,3357.0,3374.0,235802,171824,3387.0
2018-03-21,3380.0,3393.0,3353.0,3367.0,105408,170906,3377.0
2018-03-22,3365.0,3414.0,3361.0,3392.0,109008,168654,3391.0
2018-03-23,3392.0,3477.0,3326.0,3420.0,189068,142028,3411.0
2018-03-26,3461.0,3472.0,3377.0,3399.0,119358,147130,3417.0
2018-03-27,3400.0,3429.0,3356.0,3411.0,96386,142604,3399.0
2018-03-28,3397.0,3410.0,3347.0,3367.0,121364,135594,3377.0
2018-03-29,3350.0,3350.0,3209.0,3209.0,280466,157732,3260.0
2018-03-30,3189.0,3322.0,3188.0,3305.0,286498,110276,3250.0
2018-04-02,3310.0,3387.0,3273.0,3333.0,170924,99940,3333.0
2018-04-03,3317.0,3355.0,3306.0,3327.0,74290,95164,3329.0
2018-04-04,3929.0,3962.0,3921.0,3946.0,41490,94644,3943.0
2018-04-09,4020.0,4138.0,4000.0,4044.0,87570,100642,4032.0
2018-04-10,4030.0,4038.0,3991.0,4013.0,60074,102324,4008.0
2018-04-11,4002.0,4050.0,4002.0,4044.0,58570,107078,4028.0
2018-04-12,4050.0,4064.0,4026.0,4050.0,61612,109976,4039.0
2018-04-13,4050.0,4104.0,4038.0,4082.0,155882,116432,4075.0
2018-04-16,4099.0,4112.0,4056.0,4074.0,98876,120986,4082.0
2018-04-17,4089.0,4099.0,4019.0,4092.0,159204,123468,4058.0
2018-04-18,4090.0,4129.0,4032.0,4047.0,172314,118516,4074.0
2018-04-19,4043.0,4050.0,4005.0,4013.0,121932,114940,4026.0
2018-04-20,4008.0,4034.0,3993.0,4006.0,99694,122654,4014.0
2018-04-23,4017.0,4074.0,3979.0,4044.0,154858,121838,4033.0
2018-04-24,4030.0,4037.0,3953.0,3960.0,168578,128786,3988.0
2018-04-25,3961.0,3984.0,3948.0,3953.0,114344,134232,3966.0
2018-04-26,3940.0,3992.0,3938.0,3965.0,98852,130082,3966.0
2018-04-27,3968.0,4021.0,3965.0,3995.0,132052,128454,3998.0
2018-05-02,4011.0,4124.0,4011.0,4120.0,174882,141490,4074.0
2018-05-03,4130.0,4144.0,4091.0,4105.0,117150,139098,4113.0
2018-05-04,4099.0,4113.0,4079.0,4092.0,82122,135138,4094.0
2018-05-07,4065.0,4130.0,4060.0,4119.0,126876,143694,4104.0
2018-05-08,4109.0,4117.0,4082.0,4102.0,79196,136122,4099.0
2018-05-09,4102.0,4162.0,4071.0,4088.0,165556,139654,4117.0
2018-05-10,4105.0,4135.0,4078.0,4135.0,102258,144096,4109.0
2018-05-11,4139.0,4149.0,4100.0,4118.0,79838,137850,4118.0
2018-05-14,4118.0,4145.0,4102.0,4110.0,84052,136206,4123.0
2018-05-15,4110.0,4130.0,4015.0,4021.0,182424,142094,4055.0
2018-05-16,4010.0,4044.0,3978.0,4023.0,133954,133580,4011.0
2018-05-17,3996.0,4019.0,3975.0,4004.0,87068,132050,3997.0
2018-05-18,4002.0,4135.0,4000.0,4118.0,218922,135228,4080.0
2018-05-21,4118.0,4145.0,4086.0,4143.0,123310,135286,4116.0
2018-05-22,4156.0,4262.0,4120.0,4129.0,321386,146400,4198.0
2018-05-23,4139.0,4145.0,4065.0,4102.0,151326,134886,4107.0
2018-05-24,4102.0,4135.0,4091.0,4113.0,90110,133036,4114.0
2018-05-25,4112.0,4130.0,4061.0,4073.0,120458,129440,4093.0
2018-05-28,4100.0,4182.0,4090.0,4158.0,208446,149660,4140.0
2018-05-29,4165.0,4187.0,4138.0,4150.0,141564,148016,4159.0
2018-05-30,4155.0,4196.0,4115.0,4128.0,153052,147310,4154.0
2018-05-31,4138.0,4146.0,4091.0,4125.0,130124,144802,4122.0
2018-06-01,4125.0,4163.0,4110.0,4114.0,141020,149640,4133.0
2018-06-04,4110.0,4135.0,4088.0,4098.0,119092,147040,4114.0
2018-06-05,4094.0,4128.0,4053.0,4109.0,145010,140842,4095.0
2018-06-06,4114.0,4134.0,4091.0,4111.0,119688,144274,4112.0
2018-06-07,4115.0,4149.0,4075.0,4141.0,168606,156070,4116.0
2018-06-08,4130.0,4155.0,4056.0,4058.0,197574,149550,4099.0
2018-06-11,4052.0,4075.0,4034.0,4063.0,96058,146688,4059.0
2018-06-12,4066.0,4093.0,4061.0,4073.0,77850,148626,4073.0
2018-06-13,4073.0,4145.0,4020.0,4125.0,251250,151212,4086.0
2018-06-14,4125.0,4148.0,4107.0,4118.0,119350,147126,4127.0
2018-06-15,4122.0,4158.0,4109.0,4131.0,130870,142324,4128.0
2018-06-19,4158.0,4239.0,4133.0,4186.0,221164,133364,4185.0
2018-06-20,4190.0,4245.0,4168.0,4235.0,195468,157564,4211.0
2018-06-21,4249.0,4261.0,4183.0,4203.0,134308,143160,4214.0
2018-06-22,4206.0,4215.0,4175.0,4192.0,103536,135228,4193.0
2018-06-25,4180.0,4234.0,4180.0,4220.0,112758,149272,4215.0
2018-06-26,4200.0,4210.0,4177.0,4199.0,107700,141488,4193.0
2018-06-27,4201.0,4224.0,4164.0,4190.0,133952,141820,4193.0
2018-06-28,4195.0,4216.0,4180.0,4182.0,101858,135874,4197.0
2018-06-29,4180.0,4236.0,4153.0,4230.0,146948,149478,4202.0
2018-07-02,4202.0,4274.0,4133.0,4162.0,231408,133900,4193.0
2018-07-03,4166.0,4176.0,4135.0,4152.0,86606,128476,4155.0
2018-07-04,4152.0,4168.0,4111.0,4119.0,108502,126716,4134.0
2018-07-05,4119.0,4147.0,4109.0,4130.0,72224,119024,4131.0
2018-07-06,4135.0,4150.0,4105.0,4128.0,89624,121204,4130.0
2018-07-09,4136.0,4194.0,4132.0,4182.0,109504,119310,4169.0
2018-07-10,4182.0,4198.0,4175.0,4197.0,57822,116960,4186.0
2018-07-11,4202.0,4228.0,4135.0,4140.0,135778,115570,4183.0
2018-07-12,4138.0,4157.0,4123.0,4134.0,75498,111524,4140.0
2018-07-13,4135.0,4165.0,4118.0,4140.0,64266,112138,4140.0
2018-07-16,4175.0,4195.0,4145.0,4182.0,94428,113894,4170.0
2018-07-17,4190.0,4195.0,4128.0,4144.0,85980,114220,4158.0
2018-07-18,4148.0,4170.0,4140.0,4143.0,65782,111678,4153.0
2018-07-19,4143.0,4170.0,4081.0,4147.0,176044,119058,4124.0
2018-07-20,4152.0,4179.0,4121.0,4133.0,84518,114532,4148.0
2018-07-23,4139.0,4139.0,4065.0,4077.0,126674,123798,4097.0
2018-07-24,4070.0,4086.0,4028.0,4032.0,108602,129180,4055.0
2018-07-25,4044.0,4070.0,4042.0,4056.0,76852,127656,4056.0
2018-07-26,4068.0,4138.0,4064.0,4133.0,147388,117000,4108.0
2018-07-27,4143.0,4150.0,4066.0,4082.0,114666,108272,4099.0
2018-07-30,4085.0,4111.0,4061.0,4089.0,83908,105856,4088.0
2018-07-31,4083.0,4105.0,4070.0,4084.0,76150,102266,4088.0
2018-08-01,4066.0,4094.0,4033.0,4078.0,102826,101654,4063.0
2018-08-02,4081.0,4126.0,4076.0,4114.0,84926,96580,4100.0
2018-08-03,4126.0,4249.0,4120.0,4204.0,145432,86062,4177.0
2018-08-06,3780.0,3785.0,3752.0,3773.0,49732,92070,3769.0
2018-08-07,3777.0,3790.0,3755.0,3767.0,62158,98004,3771.0
2018-08-08,3765.0,3898.0,3755.0,3868.0,143090,103826,3816.0
2018-08-09,3870.0,3928.0,3860.0,3911.0,169994,111506,3897.0
2018-08-10,3920.0,3966.0,3896.0,3902.0,178794,117242,3929.0
2018-08-13,3960.0,4016.0,3933.0,3986.0,201780,130728,3971.0
2018-08-14,4015.0,4026.0,3938.0,3942.0,152260,137986,3978.0
2018-08-15,3980.0,3983.0,3942.0,3970.0,118574,144036,3964.0
2018-08-16,3950.0,3965.0,3854.0,3857.0,200892,148098,3902.0
2018-08-17,3853.0,3884.0,3837.0,3861.0,124684,151508,3862.0
2018-08-20,3866.0,3914.0,3838.0,3888.0,183886,153214,3884.0
2018-08-21,3890.0,3906.0,3862.0,3883.0,107472,143504,3883.0
2018-08-22,3892.0,3892.0,3852.0,3871.0,131210,147746,3874.0
2018-08-23,3870.0,3920.0,3858.0,3862.0,154210,150772,3881.0
2018-08-24,3865.0,3873.0,3811.0,3828.0,167696,156770,3832.0
2018-08-27,3818.0,3850.0,3808.0,3830.0,115424,160486,3835.0
2018-08-28,3830.0,3908.0,3820.0,3889.0,214522,167320,3868.0
2018-08-29,3880.0,3906.0,3860.0,3880.0,140438,165306,3883.0
2018-08-30,3868.0,3899.0,3831.0,3844.0,154268,159320,3865.0
2018-08-31,3848.0,3867.0,3836.0,3840.0,85722,154842,3851.0
2018-09-03,3836.0,3849.0,3805.0,3810.0,135732,155800,3823.0
2018-09-04,3810.0,3828.0,3801.0,3817.0,77202,154062,3817.0
2018-09-05,3817.0,3836.0,3812.0,3820.0,79392,156370,3822.0
2018-09-06,3831.0,3857.0,3830.0,3840.0,111928,149418,3844.0
2018-09-07,3850.0,3861.0,3826.0,3835.0,97444,145116,3844.0
2018-09-10,3850.0,3886.0,3845.0,3865.0,147282,147682,3866.0
2018-09-11,3858.0,3865.0,3806.0,3821.0,125350,149786,3833.0
2018-09-12,3815.0,3843.0,3812.0,3841.0,79308,146544,3827.0
2018-09-13,3830.0,3875.0,3829.0,3854.0,118282,149336,3854.0
2018-09-14,3862.0,3918.0,3855.0,3913.0,194626,163764,3887.0
2018-09-17,3940.0,3976.0,3921.0,3949.0,211906,160810,3945.0
2018-09-18,3955.0,3960.0,3925.0,3933.0,86116,161786,3937.0
2018-09-19,3945.0,3965.0,3913.0,3957.0,118168,161580,3939.0
2018-09-20,3975.0,3988.0,3898.0,3909.0,132846,152222,3932.0
2018-09-21,3900.0,3908.0,3886.0,3899.0,96964,151700,3896.0
2018-09-25,3880.0,3912.0,3855.0,3906.0,102926,160270,3889.0
2018-09-26,3906.0,3942.0,3901.0,3927.0,129064,158862,3924.0
2018-09-27,3926.0,3932.0,3892.0,3931.0,89260,148126,3915.0
2018-09-28,3920.0,3946.0,3915.0,3942.0,92180,143840,3932.0
2018-10-08,3956.0,4019.0,3956.0,4008.0,146198,155182,3992.0
2018-10-09,4016.0,4078.0,4015.0,4073.0,121620,160116,4045.0
2018-10-10,4093.0,4141.0,4042.0,4133.0,145996,160316,4086.0
2018-10-11,4086.0,4182.0,4070.0,4144.0,255498,169376,4137.0
2018-10-12,4144.0,4164.0,4122.0,4157.0,117920,167802,4142.0
2018-10-15,4186.0,4251.0,4181.0,4245.0,226854,174926,4226.0
2018-10-16,4250.0,4251.0,4188.0,4204.0,159302,159750,4213.0
2018-10-17,4217.0,4298.0,4210.0,4289.0,261420,197936,4266.0
2018-10-18,4287.0,4292.0,4252.0,4274.0,183704,183250,4268.0
2018-10-19,4283.0,4293.0,4213.0,4268.0,206192,170534,4246.0
2018-10-22,4268.0,4268.0,4215.0,4236.0,148036,171076,4236.0
2018-10-23,4236.0,4266.0,4224.0,4242.0,129344,178468,4248.0
2018-10-24,4219.0,4226.0,4165.0,4183.0,198594,158804,4188.0
2018-10-25,4198.0,4225.0,4185.0,4208.0,130166,163926,4205.0
2018-10-26,4205.0,4348.0,4205.0,4342.0,282634,191688,4273.0
2018-10-29,4334.0,4360.0,4305.0,4317.0,182576,180226,4327.0
2018-10-30,4320.0,4386.0,4300.0,4339.0,215676,185774,4334.0
2018-10-31,4342.0,4351.0,4273.0,4301.0,210062,173380,4302.0
2018-11-01,4300.0,4335.0,4272.0,4293.0,191538,170454,4297.0
2018-11-02,4250.0,4306.0,4231.0,4305.0,230304,165964,4262.0
2018-11-05,4300.0,4306.0,4208.0,4216.0,214912,154348,4246.0
2018-11-06,4235.0,4258.0,4218.0,4239.0,161904,151086,4237.0
2018-11-07,4220.0,4270.0,4188.0,4270.0,203226,152340,4221.0
2018-11-08,4260.0,4296.0,4234.0,4289.0,200838,164090,4261.0
2018-11-09,4293.0,4337.0,4275.0,4321.0,188192,169752,4311.0
2018-11-12,4313.0,4316.0,4241.0,4244.0,191888,153022,4266.0
2018-11-13,4238.0,4266.0,4221.0,4251.0,144336,161574,4247.0
2018-11-14,4255.0,4362.0,4220.0,4345.0,272394,166276,4322.0
2018-11-15,4340.0,4345.0,4291.0,4323.0,163366,151976,4320.0
2018-11-16,4325.0,4370.0,4295.0,4328.0,176416,147136,4324.0
2018-11-19,4301.0,4341.0,4283.0,4310.0,164742,147366,4312.0
2018-11-20,4305.0,4380.0,4292.0,4372.0,243930,176308,4338.0
2018-11-21,4332.0,4410.0,4240.0,4248.0,495486,151542,4322.0
2018-11-22,4230.0,4274.0,4222.0,4254.0,156516,149326,4251.0
2018-11-23,4240.0,4272.0,4203.0,4239.0,186778,144496,4235.0
2018-11-26,4238.0,4246.0,4122.0,4166.0,274920,146800,4172.0
2018-11-27,4180.0,4183.0,4138.0,4155.0,118924,143240,4158.0
2018-11-28,4130.0,4130.0,4058.0,4116.0,210782,128858,4096.0
2018-11-29,4118.0,4129.0,4066.0,4071.0,117744,122992,4092.0
2018-11-30,4050.0,4182.0,4047.0,4165.0,124374,107700,4096.0
2018-12-03,4145.0,4194.0,4120.0,4168.0,116786,92984,4153.0
2018-12-04,4163.0,4174.0,4127.0,4159.0,83932,89148,4150.0
2018-12-05,4156.0,4215.0,4152.0,4200.0,100936,84218,4185.0
2018-12-06,4206.0,4230.0,4175.0,4185.0,82032,81612,4195.0
2018-12-07,3490.0,3518.0,3489.0,3506.0,39054,84846,3505.0
2018-12-10,3483.0,3490.0,3448.0,3469.0,59558,94398,3466.0
2018-12-11,3444.0,3515.0,3444.0,3511.0,73744,99126,3488.0
2018-12-12,3515.0,3543.0,3512.0,3529.0,84238,100368,3525.0
2018-12-13,3521.0,3541.0,3516.0,3527.0,70652,103912,3526.0
2018-12-14,3537.0,3548.0,3471.0,3473.0,103028,110504,3507.0
2018-12-17,3471.0,3505.0,3466.0,3490.0,76282,113378,3487.0
2018-12-18,3497.0,3520.0,3476.0,3488.0,113794,119754,3500.0
2018-12-19,3483.0,3499.0,3465.0,3476.0,71990,119480,3486.0
2018-12-20,3479.0,3493.0,3454.0,3484.0,105128,125398,3476.0
2018-12-21,3488.0,3506.0,3470.0,3474.0,87468,120846,3489.0
2018-12-24,3467.0,3505.0,3430.0,3495.0,126110,121620,3474.0
2018-12-25,3488.0,3514.0,3480.0,3498.0,140096,120910,3498.0
2018-12-26,3505.0,3508.0,3461.0,3464.0,104886,126170,3480.0
2018-12-27,3466.0,3489.0,3453.0,3473.0,87468,123588,3470.0
2018-12-28,3475.0,3485.0,3460.0,3478.0,66082,122084,3473.0
2019-01-02,3460.0,3474.0,3396.0,3404.0,156680,146544,3426.0
2019-01-03,3412.0,3425.0,3390.0,3393.0,73258,148344,3410.0
2019-01-04,3394.0,3434.0,3393.0,3425.0,93532,139504,3417.0
2019-01-07,3445.0,3502.0,3425.0,3498.0,119972,134220,3451.0
2019-01-08,3509.0,3529.0,3486.0,3503.0,149856,133974,3509.0
2019-01-09,3503.0,3519.0,3486.0,3504.0,78926,131512,3503.0
2019-01-10,3512.0,3531.0,3498.0,3520.0,104020,139176,3514.0
2019-01-11,3511.0,3519.0,3480.0,3497.0,100352,137142,3497.0
2019-01-14,3507.0,3513.0,3430.0,3434.0,130520,143524,3465.0
2019-01-15,3440.0,3450.0,3418.0,3431.0,78958,144244,3436.0
2019-01-16,3427.0,3445.0,3409.0,3423.0,95318,152126,3427.0
2019-01-17,3423.0,3448.0,3420.0,3431.0,80900,153420,3435.0
2019-01-18,3436.0,3445.0,3402.0,3408.0,122194,162832,3427.0
2019-01-21,3408.0,3473.0,3407.0,3448.0,159822,163002,3445.0
2019-01-22,3448.0,3456.0,3355.0,3356.0,252070,185060,3389.0
2019-01-23,3356.0,3371.0,3342.0,3355.0,117204,186292,3357.0
2019-01-24,3351.0,3377.0,3332.0,3368.0,140014,185894,3359.0
2019-01-25,3365.0,3372.0,3343.0,3346.0,105616,193172,3355.0
2019-01-28,3350.0,3368.0,3337.0,3349.0,100930,193952,3353.0
2019-01-29,3345.0,3375.0,3305.0,3360.0,188530,184762,3341.0
2019-01-30,3353.0,3378.0,3345.0,3349.0,97436,177776,3360.0
2019-01-31,3350.0,3353.0,3319.0,3322.0,96252,179148,3333.0
2019-02-01,3320.0,3339.0,3311.0,3332.0,92332,168914,3326.0
2019-02-11,3290.0,3386.0,3260.0,3372.0,171378,170070,3329.0
2019-02-12,3363.0,3372.0,3346.0,3357.0,94984,180404,3358.0
2019-02-13,3350.0,3375.0,3330.0,3361.0,95486,183958,3360.0
2019-02-14,3363.0,3395.0,3352.0,3373.0,125342,183024,3369.0
2019-02-15,3378.0,3421.0,3369.0,3414.0,178286,176492,3402.0
2019-02-18,3415.0,3421.0,3385.0,3393.0,108850,175054,3401.0
2019-02-19,3400.0,3409.0,3363.0,3375.0,111418,177690,3384.0
2019-02-20,3374.0,3379.0,3349.0,3352.0,85448,176528,3364.0
2019-02-21,3352.0,3412.0,3350.0,3390.0,148014,180184,3383.0
2019-02-22,3396.0,3414.0,3386.0,3390.0,99618,177756,3398.0
2019-02-25,3375.0,3398.0,3355.0,3372.0,102250,172182,3381.0
2019-02-26,3378.0,3388.0,3319.0,3329.0,166246,178012,3342.0
2019-02-27,3329.0,3353.0,3325.0,3336.0,72156,172622,3338.0
2019-02-28,3344.0,3383.0,3340.0,3380.0,125568,164960,3363.0
2019-03-01,3388.0,3397.0,3362.0,3367.0,87244,167816,3372.0
2019-03-04,3362.0,3434.0,3352.0,3390.0,176186,170004,3396.0
2019-03-05,3400.0,3416.0,3384.0,3410.0,105856,174656,3405.0
2019-03-06,3419.0,3486.0,3415.0,3465.0,207372,173302,3456.0
2019-03-07,3460.0,3482.0,3436.0,3444.0,122344,163080,3457.0
2019-03-08,3435.0,3436.0,3400.0,3423.0,89042,152510,3420.0
2019-03-11,3462.0,3507.0,3453.0,3474.0,158374,146982,3480.0
2019-03-12,3489.0,3493.0,3461.0,3488.0,99454,150110,3479.0
2019-03-13,3490.0,3515.0,3454.0,3461.0,148974,151918,3484.0
2019-03-14,3467.0,3480.0,3440.0,3469.0,89370,146544,3462.0
2019-03-15,3461.0,3485.0,3452.0,3483.0,88020,141738,3470.0
2019-03-18,3516.0,3559.0,3486.0,3547.0,186340,139454,3520.0
2019-03-19,3540.0,3549.0,3501.0,3504.0,110172,137926,3529.0
2019-03-20,3493.0,3508.0,3483.0,3493.0,80068,135246,3495.0
2019-03-21,3498.0,3513.0,3491.0,3507.0,86288,133466,3502.0
2019-03-22,3513.0,3530.0,3472.0,3489.0,130186,122528,3504.0
2019-03-25,3490.0,3516.0,3490.0,3505.0,81584,120872,3504.0
2019-03-26,3510.0,3512.0,3427.0,3438.0,157586,117304,3459.0
2019-03-27,3442.0,3459.0,3442.0,3453.0,72228,104838,3451.0
2019-03-28,3461.0,3469.0,3439.0,3461.0,67340,101494,3451.0
2019-03-29,3466.0,3466.0,3413.0,3423.0,106440,98394,3432.0
2019-04-01,3421.0,3489.0,3415.0,3482.0,109164,88852,3460.0
2019-04-02,3475.0,3485.0,3460.0,3465.0,54874,81522,3471.0
2019-04-03,3465.0,3495.0,3461.0,3474.0,55932,79630,3481.0
2019-04-04,4152.0,4210.0,4145.0,4209.0,60658,100794,4184.0
2019-04-08,4230.0,4255.0,4203.0,4219.0,82222,110406,4223.0
2019-04-09,4224.0,4275.0,4208.0,4218.0,135330,126386,4237.0
2019-04-10,4212.0,4239.0,4199.0,4227.0,79032,131060,4221.0
2019-04-11,4235.0,4263.0,4183.0,4225.0,147746,133174,4221.0
2019-04-12,4219.0,4255.0,4206.0,4254.0,95164,141716,4228.0
2019-04-15,4284.0,4295.0,4234.0,4255.0,115294,137746,4263.0
2019-04-16,4255.0,4265.0,4224.0,4237.0,95454,140310,4241.0
2019-04-17,4231.0,4253.0,4226.0,4235.0,73780,142038,4238.0
2019-04-18,4232.0,4275.0,4217.0,4264.0,159308,162890,4249.0
2019-04-19,4270.0,4314.0,4261.0,4298.0,221666,176010,4288.0
2019-04-23,4260.0,4296.0,4255.0,4292.0,98960,164864,4276.0
2019-04-24,4290.0,4300.0,4265.0,4276.0,107132,160184,4282.0
2019-04-25,4295.0,4296.0,4256.0,4270.0,84748,157734,4274.0
2019-04-26,4262.0,4262.0,4200.0,4236.0,152696,144646,4226.0
2019-04-29,4230.0,4236.0,4211.0,4211.0,78126,145472,4223.0
2019-04-30,4208.0,4305.0,4207.0,4302.0,156686,160272,4261.0
2019-05-06,4308.0,4350.0,4285.0,4328.0,175586,168322,4324.0
2019-05-07,4320.0,4364.0,4317.0,4358.0,140464,179314,4340.0
2019-05-08,4366.0,4368.0,4331.0,4350.0,128160,176810,4349.0
2019-05-09,4370.0,4395.0,4343.0,4354.0,175666,176402,4368.0
2019-05-10,4350.0,4350.0,4310.0,4337.0,150466,178706,4331.0
2019-05-13,4329.0,4374.0,4329.0,4352.0,12424,188890,4352.0
2019-05-14,4344.0,4380.0,4323.0,4363.0,16475,188366,4352.0
2019-05-15,4380.0,4390.0,4340.0,4374.0,16096,199634,4363.0
2019-05-16,4376.0,4447.0,4363.0,4400.0,277324,214168,4409.0
2019-05-17,4405.0,4423.0,4330.0,4350.0,178320,202680,4393.0
2019-05-20,4345.0,4360.0,4290.0,4303.0,191408,196444,4325.0
2019-05-21,4310.0,4356.0,4307.0,4348.0,162100,204590,4330.0
2019-05-22,4337.0,4345.0,4271.0,4320.0,218368,197828,4311.0
2019-05-23,4319.0,4335.0,4297.0,4311.0,119166,199998,4314.0
2019-05-24,4310.0,4398.0,4291.0,4389.0,264836,217386,4356.0
2019-05-27,4372.0,4407.0,4360.0,4372.0,153482,219490,4378.0
2019-05-28,4365.0,4399.0,4341.0,4391.0,182846,221652,4370.0
2019-05-29,4400.0,4578.0,4393.0,4458.0,603986,214412,4488.0
2019-05-30,4436.0,4466.0,4402.0,4435.0,207624,193136,4436.0
2019-05-31,4457.0,4518.0,4446.0,4498.0,278694,210288,4483.0
2019-06-03,4502.0,4537.0,4480.0,4511.0,233918,222412,4505.0
2019-06-04,4511.0,4545.0,4452.0,4463.0,290562,203158,4489.0
2019-06-05,4460.0,4482.0,4440.0,4461.0,157480,196668,4460.0
2019-06-06,4445.0,4455.0,4397.0,4439.0,240566,193214,4428.0
2019-06-10,4447.0,4522.0,4408.0,4415.0,186434,193746,4440.0
2019-06-11,4430.0,4477.0,4405.0,4471.0,180932,190530,4434.0
2019-06-12,4468.0,4492.0,4441.0,4468.0,184268,197694,4466.0
2019-06-13,4480.0,4530.0,4471.0,4526.0,196034,208646,4494.0
2019-06-14,4540.0,4550.0,4502.0,4519.0,165000,202904,4522.0
2019-06-17,4482.0,4498.0,4468.0,4497.0,112872,199168,4485.0
2019-06-18,4506.0,4507.0,4442.0,4453.0,143036,189440,4466.0
2019-06-19,4452.0,4491.0,4436.0,4488.0,135060,192762,4467.0
2019-06-20,4482.0,4528.0,4468.0,4525.0,137410,209172,4497.0
2019-06-21,4515.0,4521.0,4416.0,4428.0,202694,183168,4465.0
2019-06-24,4424.0,4442.0,4329.0,4338.0,263272,181258,4394.0
2019-06-25,4333.0,4355.0,4316.0,4325.0,159802,184000,4334.0
2019-06-26,4335.0,4370.0,4335.0,4359.0,117956,181450,4349.0
2019-06-27,4360.0,4392.0,4288.0,4309.0,236712,175710,4342.0
2019-06-28,4315.0,4388.0,4309.0,4382.0,164160,167768,4348.0
2019-07-01,4385.0,4475.0,4372.0,4462.0,209866,162566,4420.0
2019-07-02,4453.0,4507.0,4442.0,4500.0,152930,169512,4480.0
2019-07-03,4510.0,4519.0,4471.0,4491.0,130504,173672,4486.0
2019-07-04,4496.0,4519.0,4463.0,4502.0,154588,178384,4494.0
2019-07-05,4508.0,4570.0,4500.0,4570.0,221644,198224,4531.0
2019-07-08,4585.0,4621.0,4552.0,4591.0,294114,214778,4592.0
2019-07-09,4608.0,4705.0,4596.0,4688.0,363246,238654,4655.0
2019-07-10,4681.0,4688.0,4640.0,4675.0,225730,220228,4664.0
2019-07-11,4698.0,4725.0,4641.0,4688.0,249524,221242,4676.0
2019-07-12,4698.0,4710.0,4601.0,4621.0,306248,202600,4663.0
2019-07-15,4604.0,4694.0,4604.0,4686.0,214488,205806,4663.0
2019-07-16,4686.0,4735.0,4665.0,4710.0,216814,198380,4693.0
2019-07-17,4715.0,4718.0,4670.0,4687.0,149242,193458,4693.0
2019-07-18,4690.0,4817.0,4672.0,4807.0,351132,227536,4749.0
2019-07-19,4795.0,4908.0,4783.0,4820.0,557266,206978,4841.0
2019-07-22,4760.0,4800.0,4740.0,4767.0,239596,199406,4770.0
2019-07-23,4746.0,4795.0,4733.0,4763.0,185488,194290,4762.0
2019-07-24,4772.0,4786.0,4704.0,4766.0,226978,186582,4740.0
2019-07-25,4781.0,4791.0,4736.0,4752.0,159436,184420,4761.0
2019-07-26,4720.0,4725.0,4560.0,4575.0,390908,173048,4636.0
2019-07-29,4440.0,4495.0,4417.0,4456.0,281972,158210,4459.0
2019-07-30,4462.0,4490.0,4406.0,4440.0,224510,149768,4454.0
2019-07-31,4460.0,4495.0,4440.0,4470.0,139402,140816,4468.0
2019-08-01,4481.0,4514.0,4431.0,4434.0,183442,137580,4466.0
2019-08-02,4433.0,4468.0,4378.0,4446.0,130674,133036,4437.0
2019-08-05,4438.0,4462.0,4301.0,4305.0,205958,119338,4378.0
2019-08-06,4316.0,4420.0,4316.0,4419.0,130502,105052,4370.0
2019-08-07,4314.0,4347.0,4260.0,4271.0,157910,152524,4293.0
2019-08-08,4275.0,4308.0,4137.0,4154.0,265174,170856,4234.0
2019-08-09,4156.0,4199.0,4115.0,4155.0,203134,161946,4153.0
2019-08-12,4160.0,4210.0,4133.0,4154.0,209332,183956,4169.0
2019-08-13,4156.0,4193.0,4126.0,4171.0,176030,183864,4163.0
2019-08-14,4170.0,4189.0,4143.0,4162.0,182818,185514,4168.0
2019-08-15,4167.0,4240.0,4150.0,4227.0,300630,196426,4210.0
2019-08-16,4235.0,4260.0,4212.0,4239.0,184324,194446,4236.0
2019-08-19,4266.0,4275.0,4164.0,4167.0,253856,211760,4213.0
2019-08-20,4155.0,4179.0,4145.0,4152.0,164482,223458,4161.0
2019-08-21,4147.0,4237.0,4144.0,4231.0,285476,205120,4200.0
2019-08-22,4235.0,4248.0,4209.0,4229.0,162476,203346,4227.0
2019-08-23,4239.0,4380.0,4232.0,4379.0,484118,225600,4324.0
2019-08-26,4400.0,4468.0,4400.0,4423.0,313616,223608,4430.0
2019-08-27,4423.0,4431.0,4354.0,4369.0,259296,220112,4383.0
2019-08-28,4341.0,4463.0,4340.0,4368.0,490424,240758,4409.0
2019-08-29,4350.0,4395.0,4341.0,4365.0,208060,241714,4372.0
2019-08-30,4350.0,4414.0,4345.0,4400.0,251574,239904,4390.0
2019-09-02,4420.0,4448.0,4367.0,4415.0,280726,245612,4400.0
2019-09-03,4425.0,4506.0,4391.0,4478.0,530712,270906,4461.0
2019-09-04,4471.0,4515.0,4432.0,4459.0,325266,265162,4466.0
2019-09-05,4480.0,4500.0,4442.0,4467.0,291944,263786,4471.0
2019-09-06,4474.0,4514.0,4381.0,4382.0,481282,247840,4442.0
2019-09-09,4382.0,4410.0,4351.0,4387.0,284764,245246,4379.0
2019-09-10,4387.0,4395.0,4337.0,4369.0,274266,245104,4365.0
2019-09-11,4369.0,4395.0,4358.0,4377.0,208520,247570,4376.0
2019-09-12,4379.0,4444.0,4358.0,4439.0,316670,251920,4408.0
2019-09-16,4491.0,4612.0,4472.0,4592.0,576442,304100,4544.0
2019-09-17,4626.0,4645.0,4551.0,4580.0,353690,304182,4587.0
2019-09-18,4580.0,4585.0,4532.0,4551.0,309650,298482,4556.0
2019-09-19,4550.0,4578.0,4530.0,4568.0,292210,308772,4559.0
2019-09-20,4580.0,4600.0,4538.0,4563.0,376128,312596,4561.0
2019-09-23,4531.0,4532.0,4455.0,4476.0,347350,273976,4485.0
2019-09-24,4470.0,4495.0,4458.0,4475.0,188718,274430,4475.0
2019-09-25,4467.0,4470.0,4392.0,4402.0,310306,252016,4415.0
2019-09-26,4406.0,4433.0,4376.0,4415.0,229412,241220,4406.0
2019-09-27,4410.0,4461.0,4395.0,4441.0,251426,236234,4429.0
2019-09-30,4380.0,4386.0,4298.0,4346.0,307590,207256,4335.0
2019-10-08,4400.0,4459.0,4365.0,4443.0,276110,225568,4414.0
2019-10-09,4457.0,4458.0,4392.0,4410.0,178528,234954,4417.0
2019-10-10,4410.0,4488.0,4397.0,4480.0,243346,258556,4440.0
2019-10-11,4470.0,4512.0,4449.0,4468.0,347768,249144,4480.0
2019-10-14,4494.0,4505.0,4438.0,4464.0,222626,250834,4465.0
2019-10-15,4469.0,4499.0,4431.0,4497.0,316256,263664,4469.0
2019-10-16,4507.0,4535.0,4471.0,4489.0,244390,252804,4493.0
2019-10-17,4470.0,4505.0,4449.0,4493.0,261184,260904,4477.0
2019-10-18,4500.0,4524.0,4477.0,4497.0,224346,255498,4497.0
2019-10-21,4600.0,4721.0,4598.0,4721.0,473348,293936,4674.0
2019-10-22,4765.0,4766.0,4693.0,4711.0,394548,266248,4718.0
2019-10-23,4703.0,4785.0,4665.0,4681.0,612458,246554,4717.0
2019-10-24,4681.0,4726.0,4671.0,4693.0,295576,244490,4692.0
2019-10-25,4692.0,4802.0,4682.0,4777.0,502574,269876,4740.0
2019-10-28,4838.0,4925.0,4821.0,4880.0,750322,297746,4884.0
2019-10-29,4862.0,4880.0,4831.0,4869.0,351172,282350,4859.0
2019-10-30,4864.0,4906.0,4824.0,4845.0,356174,280262,4860.0
2019-10-31,4820.0,4828.0,4755.0,4758.0,416000,263898,4794.0
2019-11-01,4742.0,4891.0,4727.0,4890.0,509170,281820,4805.0
2019-11-04,4880.0,4880.0,4774.0,4786.0,448566,262268,4805.0
2019-11-05,4780.0,4798.0,4735.0,4764.0,356748,258008,4768.0
2019-11-06,4765.0,4805.0,4703.0,4711.0,450448,242416,4753.0
2019-11-07,4721.0,4766.0,4711.0,4738.0,315832,231888,4741.0
2019-11-08,4750.0,4773.0,4706.0,4748.0,339176,225660,4741.0
2019-11-11,4685.0,4685.0,4545.0,4561.0,543350,196514,4595.0
2019-11-12,4550.0,4587.0,4542.0,4571.0,222690,185264,4565.0
2019-11-13,4570.0,4580.0,4517.0,4530.0,267558,188506,4544.0
2019-11-14,4510.0,4584.0,4506.0,4550.0,248294,188422,4549.0
2019-11-15,4500.0,4514.0,4444.0,4472.0,321668,187972,4480.0
2019-11-18,4311.0,4428.0,4300.0,4422.0,334244,188644,4378.0
2019-11-19,4440.0,4456.0,4390.0,4414.0,242938,180586,4422.0
2019-11-20,4406.0,4454.0,4364.0,4365.0,307036,175716,4404.0
2019-11-21,4330.0,4383.0,4290.0,4307.0,346168,181196,4337.0
2019-11-22,4310.0,4370.0,4298.0,4350.0,307618,174424,4337.0
2019-11-25,4335.0,4357.0,4312.0,4344.0,191780,171178,4337.0
2019-11-26,4353.0,4412.0,4347.0,4401.0,283520,163608,4386.0
2019-11-27,4435.0,4435.0,4317.0,4322.0,314872,185490,4372.0
2019-11-28,4328.0,4355.0,4279.0,4332.0,293144,173064,4324.0
2019-11-29,4327.0,4362.0,4311.0,4333.0,207280,160438,4330.0
2019-12-02,4376.0,4450.0,4360.0,4437.0,291698,129842,4410.0
2019-12-03,4440.0,4450.0,4391.0,4415.0,175416,121978,4414.0
2019-12-04,4148.0,4185.0,4135.0,4148.0,207790,214008,4157.0
2019-12-05,4140.0,4162.0,4111.0,4124.0,221516,226868,4137.0
2019-12-06,4122.0,4170.0,4122.0,4130.0,264836,242634,4145.0
2019-12-09,4120.0,4125.0,3938.0,3938.0,561696,278818,3984.0
2019-12-10,3928.0,3933.0,3852.0,3872.0,398086,261208,0.0
2019-12-11,3876.0,3911.0,3856.0,3867.0,297418,278860,3882.0
2019-12-12,3871.0,3898.0,3866.0,3867.0,219240,287126,3881.0
2019-12-13,3852.0,3868.0,3800.0,3807.0,419194,308870,3829.0
2019-12-16,3792.0,3820.0,3775.0,3801.0,298090,330552,3801.0
2019-12-17,3800.0,3830.0,3792.0,3797.0,328504,334826,3810.0
2019-12-18,3777.0,3825.0,3733.0,3813.0,370292,323850,3793.0
2019-12-19,3807.0,3821.0,3782.0,3805.0,299642,323594,3804.0
2019-12-20,3810.0,3835.0,3720.0,3725.0,460212,352834,3785.0
2019-12-23,3733.0,3739.0,3681.0,3689.0,451984,399996,0.0
2019-12-24,3691.0,3725.0,3636.0,3691.0,772838,401774,3684.0
2019-12-25,3690.0,3707.0,3666.0,3671.0,396770,440222,3687.0
2019-12-26,3665.0,3686.0,3652.0,3661.0,374364,456524,3669.0
2019-12-27,3659.0,3678.0,3582.0,3585.0,563872,480912,0.0
2019-12-30,3560.0,3588.0,3529.0,3558.0,631164,504080,3559.0
2019-12-31,3571.0,3605.0,3564.0,3592.0,493432,491324,3586.0
2020-01-02,3615.0,3636.0,3550.0,3553.0,292709,263408,3600.0
2020-01-03,3553.0,3574.0,3505.0,3508.0,301801,285821,3531.0
2020-01-06,3533.0,3558.0,3451.0,3484.0,354644,297042,3489.0
2020-01-07,3490.0,3539.0,3465.0,3537.0,399736,284814,3502.0
2020-01-08,3520.0,3555.0,3507.0,3515.0,287530,297154,3529.0
2020-01-09,3490.0,3505.0,3406.0,3412.0,392515,317069,3454.0
2020-01-10,3400.0,3439.0,3381.0,3398.0,308387,312760,3412.0
2020-01-13,3405.0,3450.0,3373.0,3430.0,382454,308089,0.0
2020-01-14,3440.0,3448.0,3408.0,3415.0,260423,314447,3428.0
2020-01-15,3400.0,3456.0,3390.0,3428.0,277694,320059,3429.0
2020-01-16,3430.0,3543.0,3430.0,3500.0,533214,280847,3494.0
2020-01-17,3500.0,3542.0,3500.0,3519.0,290538,280778,3520.0
2020-01-20,3522.0,3603.0,3472.0,3579.0,491535,247970,3562.0
2020-01-21,3578.0,3590.0,3546.0,3561.0,247892,246766,3564.0
2020-01-22,3505.0,3524.0,3404.0,3435.0,390813,232983,3445.0
2020-01-23,3414.0,3477.0,3410.0,3441.0,252757,211684,3444.0
2020-02-03,3203.0,3203.0,3203.0,3203.0,33506,203467,3203.0
2020-02-04,3869.0,4093.0,3860.0,4093.0,104371,48545,3998.0
2020-02-05,3185.0,3276.0,3182.0,3233.0,501276,223092,0.0
2020-02-06,3233.0,3317.0,3233.0,3307.0,381305,230523,0.0
2020-02-07,3290.0,3345.0,3265.0,3312.0,550606,257392,0.0
2020-02-10,3280.0,3368.0,3271.0,3342.0,520397,265217,0.0
2020-02-11,3341.0,3365.0,3285.0,3313.0,458662,270801,3320.0
2020-02-12,3305.0,3327.0,3231.0,3256.0,520820,282953,3282.0
2020-02-13,3245.0,3270.0,3204.0,3245.0,581553,293720,0.0
2020-02-14,3260.0,3276.0,3220.0,3257.0,416696,286969,3244.0
2020-02-17,3260.0,3359.0,3244.0,3346.0,612451,280537,3309.0
2020-02-18,3346.0,3383.0,3324.0,3363.0,528415,284401,0.0
2020-02-19,3377.0,3486.0,3372.0,3476.0,792745,287072,0.0
2020-02-20,3485.0,3534.0,3445.0,3491.0,902421,259245,0.0
2020-02-21,3498.0,3563.0,3468.0,3560.0,675948,253413,0.0
2020-02-24,3555.0,3586.0,3507.0,3537.0,666282,250924,3551.0
2020-02-25,3515.0,3538.0,3465.0,3521.0,788427,244318,0.0
2020-02-26,3515.0,3547.0,3492.0,3509.0,569312,246261,0.0
2020-02-27,3500.0,3509.0,3362.0,3367.0,736078,255461,0.0
2020-02-28,3333.0,3355.0,3268.0,3268.0,659492,230681,0.0
2020-03-02,3302.0,3464.0,3300.0,3461.0,811096,218812,0.0
2020-03-03,3491.0,3532.0,3405.0,3441.0,718918,225645,0.0
2020-03-04,3456.0,3484.0,3373.0,3473.0,775583,230925,0.0
2020-03-05,3482.0,3496.0,3433.0,3440.0,658352,246529,0.0
2020-03-06,3405.0,3438.0,3354.0,3394.0,668600,242458,0.0
2020-03-09,3350.0,3450.0,3305.0,3414.0,619368,218073,0.0
2020-03-10,3435.0,3450.0,3371.0,3382.0,391067,217596,3411.0
2020-03-11,3381.0,3395.0,3280.0,3281.0,491140,244626,0.0
2020-03-12,3270.0,3296.0,3164.0,3215.0,528818,238660,0.0
2020-03-13,3199.0,3238.0,3112.0,3210.0,492142,213449,0.0
2020-03-16,3221.0,3258.0,3177.0,3205.0,377273,214352,0.0
2020-03-17,3200.0,3237.0,3170.0,3205.0,297230,212360,0.0
2020-03-18,3211.0,3235.0,3066.0,3092.0,472490,221559,3152.0
2020-03-19,3092.0,3118.0,3000.0,3098.0,438464,188006,0.0
2020-03-20,3099.0,3125.0,3011.0,3026.0,410022,212195,0.0
2020-03-23,2998.0,3069.0,2951.0,3036.0,366891,205698,0.0
2020-03-24,3073.0,3082.0,3012.0,3041.0,262785,206318,0.0
2020-03-25,3048.0,3060.0,2990.0,3019.0,307158,224155,0.0
2020-03-26,2973.0,3070.0,2956.0,3055.0,369874,207372,0.0
2020-03-27,3050.0,3085.0,2991.0,2996.0,368160,220115,0.0
2020-03-30,3017.0,3048.0,2970.0,2993.0,339107,211616,0.0
2020-03-31,3011.0,3036.0,3001.0,3033.0,267530,187317,0.0
2020-04-01,3048.0,3074.0,3012.0,3040.0,266186,174083,0.0
2020-04-02,3044.0,3065.0,3006.0,3059.0,222317,157084,0.0
2020-04-03,3068.0,3124.0,3031.0,3113.0,322195,138760,0.0
2020-04-07,3201.0,3298.0,3173.0,3269.0,346965,111878,0.0
2020-04-08,3268.0,3287.0,3217.0,3232.0,188380,102462,0.0
2020-04-09,3255.0,3345.0,3235.0,3319.0,253107,93190,0.0
2020-04-10,3398.0,3423.0,3364.0,3408.0,270487,102099,0.0
2020-04-13,3480.0,3499.0,3334.0,3336.0,331814,100059,0.0
2020-04-14,3349.0,3355.0,3285.0,3300.0,275524,116808,0.0
2020-04-15,3292.0,3410.0,3277.0,3381.0,378126,121402,0.0
2020-04-16,3378.0,3398.0,3299.0,3313.0,364165,128331,0.0
2020-04-17,3320.0,3390.0,3320.0,3385.0,332558,130969,0.0
2020-04-20,3362.0,3362.0,3228.0,3239.0,417636,136855,0.0
2020-04-21,3232.0,3253.0,3192.0,3231.0,311750,133591,0.0
2020-04-22,3201.0,3217.0,3128.0,3147.0,308363,134501,0.0
2020-04-23,3113.0,3218.0,3110.0,3189.0,363937,140954,0.0
2020-04-24,3151.0,3223.0,3140.0,3173.0,389515,141127,0.0
2020-04-27,3178.0,3178.0,3117.0,3125.0,275338,146463,0.0
2020-04-28,3090.0,3133.0,3065.0,3097.0,302034,150548,0.0
2020-04-29,3080.0,3115.0,3060.0,3091.0,277824,151871,0.0
2020-04-30,3065.0,3159.0,3062.0,3151.0,303063,136757,0.0
2020-05-06,2990.0,3025.0,2950.0,2985.0,330849,157007,0.0
2020-05-07,3000.0,3017.0,2971.0,2995.0,255244,167514,0.0
2020-05-08,3001.0,3011.0,2958.0,2965.0,289693,179066,0.0
2020-05-11,3020.0,3026.0,2951.0,2969.0,298024,176558,0.0
2020-05-12,2940.0,2943.0,2852.0,2861.0,439582,207811,0.0
2020-05-13,2850.0,2864.0,2813.0,2836.0,356612,210158,0.0
2020-05-14,2822.0,2888.0,2822.0,2854.0,392673,181344,0.0
2020-05-15,2870.0,2896.0,2844.0,2853.0,278253,168552,0.0
2020-05-18,2808.0,2814.0,2762.0,2805.0,279124,156277,0.0
2020-05-19,2819.0,2875.0,2776.0,2780.0,282198,146029,0.0
2020-05-20,2762.0,2805.0,2751.0,2769.0,243327,145906,0.0
2020-05-21,2800.0,2823.0,2770.0,2799.0,245505,130535,0.0
2020-05-22,2810.0,2841.0,2790.0,2810.0,229134,110195,0.0
2020-05-25,2785.0,2800.0,2725.0,2730.0,223184,113897,0.0
2020-05-26,2730.0,2748.0,2668.0,2693.0,283726,91323,0.0
2020-05-27,2694.0,2702.0,2639.0,2644.0,156869,77228,0.0
2020-05-28,2641.0,2650.0,2530.0,2575.0,296600,43580,0.0
2020-05-29,3232.0,3268.0,3215.0,3239.0,345270,107101,0.0
2020-06-01,3249.0,3299.0,3241.0,3268.0,281945,99609,0.0
2020-06-02,3265.0,3265.0,3162.0,3171.0,421333,125751,0.0
2020-06-03,3177.0,3185.0,3150.0,3162.0,250952,132572,0.0
2020-06-04,3166.0,3187.0,3107.0,3123.0,368646,142626,0.0
2020-06-05,3132.0,3168.0,3102.0,3154.0,331701,124922,0.0
2020-06-08,3102.0,3120.0,3015.0,3024.0,435091,150354,0.0
2020-06-09,3010.0,3032.0,2972.0,3012.0,457235,144564,0.0
2020-06-10,2990.0,2994.0,2902.0,2904.0,457321,157433,0.0
2020-06-11,2910.0,2923.0,2868.0,2892.0,498368,126819,0.0
2020-06-12,2881.0,2936.0,2848.0,2853.0,402417,121749,0.0
2020-06-15,2872.0,2895.0,2841.0,2878.0,292656,112740,0.0
2020-06-16,3766.0,3819.0,3724.0,3754.0,443605,186773,0.0
2020-06-17,3739.0,3749.0,3683.0,3701.0,489108,207846,0.0
2020-06-18,3742.0,3875.0,3703.0,3857.0,867203,205155,0.0
2020-06-19,3853.0,3900.0,3841.0,3874.0,493027,191038,0.0
2020-06-22,3898.0,3940.0,3842.0,3861.0,519119,186613,0.0
2020-06-23,3870.0,3934.0,3847.0,3919.0,468054,184578,0.0
2020-06-24,3590.0,3624.0,3572.0,3600.0,346885,159181,0.0
2020-06-29,3556.0,3619.0,3535.0,3561.0,335561,161075,0.0
2020-06-30,3888.0,3918.0,3868.0,3909.0,278212,180753,0.0
2020-07-01,3560.0,3605.0,3554.0,3600.0,257984,165501,0.0
2020-07-02,3962.0,3991.0,3945.0,3958.0,290262,185022,0.0
2020-07-03,3671.0,3687.0,3657.0,3679.0,190100,157813,0.0
2020-07-06,3928.0,3958.0,3910.0,3948.0,296799,183115,0.0
2020-07-07,3950.0,4005.0,3950.0,3988.0,333247,172461,0.0
2020-07-08,3999.0,4005.0,3965.0,3984.0,194301,172624,0.0
2020-07-09,3999.0,4012.0,3886.0,3898.0,442854,197190,0.0
2020-07-10,3886.0,3915.0,3871.0,3901.0,302341,192662,0.0
2020-07-13,3912.0,3999.0,3912.0,3997.0,338703,185874,0.0
2020-07-14,3998.0,4061.0,3945.0,3970.0,502506,181040,0.0
2020-07-15,3970.0,4027.0,3954.0,4017.0,344113,187868,0.0
2020-07-16,4034.0,4040.0,3973.0,3992.0,317488,183145,0.0
2020-07-17,3998.0,4029.0,3968.0,3977.0,319131,182273,0.0
2020-07-20,3999.0,4126.0,3996.0,4110.0,456469,200278,4068.0
2020-07-21,4140.0,4195.0,4106.0,4171.0,399224,188491,4143.0
2020-07-22,4151.0,4175.0,4115.0,4136.0,349835,164920,4139.0
2020-07-23,4166.0,4219.0,4156.0,4213.0,370639,171140,4191.0
2020-07-24,4214.0,4279.0,4214.0,4261.0,393695,165706,4244.0
2020-07-27,4350.0,4382.0,4198.0,4206.0,486793,153613,4298.0
2020-07-28,4224.0,4235.0,4139.0,4150.0,360738,151174,4179.0
2020-07-29,4155.0,4190.0,4130.0,4146.0,273624,144105,4163.0
2020-07-30,4175.0,4265.0,4163.0,4189.0,455227,131836,4213.0
2020-07-31,4201.0,4226.0,4180.0,4208.0,248491,123366,4205.0
2020-08-03,4183.0,4188.0,4071.0,4096.0,312565,127508,4111.0
2020-08-04,4090.0,4115.0,4055.0,4079.0,227363,128359,4087.0
2020-08-05,4079.0,4103.0,4044.0,4046.0,185049,125248,4076.0
2020-08-06,4054.0,4066.0,3942.0,3957.0,314879,120885,4007.0
2020-08-07,3942.0,3950.0,3807.0,3913.0,399142,100851,3885.0
2020-08-10,3780.0,3844.0,3756.0,3782.0,303174,123467,3800.0
2020-08-11,3765.0,3809.0,3694.0,3702.0,346369,138489,3738.0
2020-08-12,3683.0,3748.0,3642.0,3684.0,404562,126132,3691.0
2020-08-13,3675.0,3728.0,3663.0,3672.0,259235,120588,3696.0
2020-08-14,3661.0,3684.0,3602.0,3603.0,243940,123577,3651.0
2020-08-17,3666.0,3772.0,3661.0,3752.0,293415,90919,3723.0
2020-08-18,3796.0,3796.0,3702.0,3714.0,176397,87921,3746.0
2020-08-19,3735.0,3746.0,3663.0,3739.0,185393,81826,3706.0
2020-08-20,3697.0,3697.0,3578.0,3581.0,383018,194568,3648.0
2020-08-21,3582.0,3602.0,3553.0,3575.0,318892,221450,3580.0
2020-08-24,3602.0,3615.0,3566.0,3586.0,287382,231159,3589.0
2020-08-25,3600.0,3605.0,3555.0,3568.0,259030,266669,3579.0
2020-08-26,3580.0,3626.0,3531.0,3610.0,575586,261089,3582.0
2020-08-27,3592.0,3624.0,3565.0,3577.0,401021,293968,3602.0
2020-08-28,3560.0,3580.0,3538.0,3549.0,458109,319808,3558.0
2020-08-31,3506.0,3548.0,3485.0,3522.0,393529,318473,3524.0
2020-09-01,3528.0,3546.0,3510.0,3520.0,273827,305368,3529.0
2020-09-02,3525.0,3529.0,3410.0,3411.0,492501,338094,3467.0
2020-09-03,3413.0,3428.0,3344.0,3356.0,449429,314978,3383.0
2020-09-04,3366.0,3400.0,3334.0,3352.0,446660,304130,3365.0
2020-09-07,3353.0,3385.0,3320.0,3361.0,368055,282481,3359.0
2020-09-08,3375.0,3472.0,3363.0,3443.0,520380,243694,3417.0
2020-09-09,3432.0,3447.0,3346.0,3346.0,395678,244847,3398.0
2020-09-10,3360.0,3399.0,3355.0,3381.0,278934,221790,3379.0
2020-09-11,3392.0,3418.0,3364.0,3384.0,319893,204286,3387.0
2020-09-14,3384.0,3438.0,3360.0,3371.0,297932,200078,3398.0
2020-09-15,3366.0,3408.0,3333.0,3392.0,285418,185785,3374.0
2020-09-16,3388.0,3418.0,3385.0,3404.0,192679,173599,3404.0
2020-09-17,3508.0,3558.0,3451.0,3451.0,366369,148674,3502.0
2020-09-18,3451.0,3494.0,3450.0,3480.0,194306,152042,3475.0
2020-09-21,3475.0,3536.0,3427.0,3443.0,438614,168577,3482.0
2020-09-22,3451.0,3572.0,3429.0,3554.0,504794,151003,3514.0
2020-09-23,3526.0,3558.0,3515.0,3538.0,312989,143242,3537.0
2020-09-24,3540.0,3588.0,3523.0,3547.0,322880,137306,3556.0
2020-09-25,3566.0,3629.0,3564.0,3578.0,390685,135107,3595.0
2020-09-28,3603.0,3627.0,3558.0,3569.0,287667,127375,3597.0
2020-09-29,3564.0,3592.0,3529.0,3582.0,239577,117825,3557.0
2020-09-30,3598.0,3615.0,3563.0,3608.0,210383,105042,3587.0
2020-10-09,3640.0,3687.0,3603.0,3662.0,213750,103600,3647.0
2020-10-12,3633.0,3659.0,3606.0,3617.0,223177,110560,3631.0
2020-10-13,3600.0,3604.0,3521.0,3559.0,274328,112291,3551.0
2020-10-14,3565.0,3578.0,3533.0,3539.0,140630,106142,3552.0
2020-10-15,3532.0,3545.0,3458.0,3483.0,253900,99536,3491.0
2020-10-16,3490.0,3523.0,3469.0,3518.0,178104,83420,3497.0
2020-10-19,3550.0,3607.0,3532.0,3571.0,226557,69283,3569.0
2020-10-20,3571.0,3586.0,3553.0,3562.0,107279,61121,3572.0
2020-10-21,3552.0,3595.0,3536.0,3561.0,127510,50751,3562.0
2020-10-22,3550.0,3551.0,3507.0,3520.0,79828,44540,3527.0
2020-10-23,3988.0,4099.0,3979.0,4075.0,265142,113444,4058.0
2020-10-26,4075.0,4114.0,4011.0,4015.0,206828,114446,4058.0
2020-10-27,4015.0,4042.0,4010.0,4029.0,126636,115958,4026.0
2020-10-28,4040.0,4056.0,3899.0,4043.0,430862,126353,3964.0
2020-10-29,4032.0,4106.0,4022.0,4090.0,330805,128982,4068.0
2020-10-30,4101.0,4136.0,4052.0,4087.0,249678,118731,4083.0
2020-11-02,4087.0,4125.0,4059.0,4088.0,210649,126341,4089.0
2020-11-03,4095.0,4128.0,3990.0,3995.0,376752,136858,4056.0
2020-11-04,4000.0,4032.0,3973.0,4018.0,273593,130598,4005.0
2020-11-05,4020.0,4024.0,3980.0,3989.0,218751,130178,4000.0
2020-11-06,4001.0,4038.0,3960.0,3970.0,320592,129649,3997.0
2020-11-09,3952.0,3987.0,3925.0,3948.0,236225,130005,3948.0
2020-11-10,3936.0,3955.0,3867.0,3868.0,292799,156725,3898.0
2020-11-11,3885.0,3915.0,3863.0,3901.0,254770,152807,3891.0
2020-11-12,3901.0,3911.0,3845.0,3867.0,266284,165453,3879.0
2020-11-13,3849.0,3875.0,3798.0,3801.0,259796,177391,3833.0
2020-11-16,3784.0,3814.0,3770.0,3800.0,180046,172560,3797.0
2020-11-17,3795.0,3825.0,3758.0,3809.0,267288,171499,3797.0
2020-11-18,3815.0,3838.0,3792.0,3819.0,214382,166148,3814.0
2020-11-19,3819.0,3819.0,3740.0,3756.0,292156,184749,3781.0
2020-11-20,3756.0,3818.0,3740.0,3803.0,263220,169204,3775.0
2020-11-23,3776.0,3784.0,3705.0,3712.0,293079,196120,3731.0
2020-11-24,3710.0,3711.0,3656.0,3671.0,301006,189150,3682.0
2020-11-25,3668.0,3695.0,3650.0,3658.0,187204,193131,3675.0
2020-11-26,3660.0,3710.0,3660.0,3688.0,165454,184589,3684.0
2020-11-27,3688.0,3709.0,3628.0,3638.0,220697,191893,3671.0
2020-11-30,3669.0,3770.0,3640.0,3750.0,350635,149744,3703.0
2020-12-01,3741.0,3766.0,3696.0,3705.0,231955,140990,3730.0
2020-12-02,3713.0,3730.0,3670.0,3684.0,197501,135167,3699.0
2020-12-03,3677.0,3730.0,3652.0,3714.0,200286,128685,3697.0
2020-12-04,3720.0,3737.0,3695.0,3716.0,140473,119463,3716.0
2020-12-07,3766.0,3860.0,3766.0,3805.0,240710,97432,3812.0
2020-12-08,3810.0,3829.0,3805.0,3820.0,98195,88513,3817.0
2020-12-09,3822.0,3848.0,3788.0,3800.0,122720,76284,3820.0
2020-12-10,3674.0,3944.0,3644.0,3889.0,541055,134030,3824.0
2020-12-11,3880.0,3922.0,3841.0,3922.0,230165,134971,3887.0
2020-12-14,3950.0,4120.0,3950.0,4120.0,394332,154010,4065.0
2020-12-15,4100.0,4148.0,4082.0,4125.0,329290,157007,4112.0
2020-12-16,4125.0,4146.0,4061.0,4116.0,283337,156000,4102.0
2020-12-17,4117.0,4130.0,4070.0,4090.0,227754,155296,4096.0
2020-12-18,4091.0,4128.0,4006.0,4019.0,315818,151891,4054.0
2020-12-21,4055.0,4295.0,4055.0,4206.0,460163,141454,4200.0
2020-12-22,4246.0,4248.0,4160.0,4197.0,278800,138254,4208.0
2020-12-23,4188.0,4230.0,4150.0,4198.0,254958,139275,4191.0
2020-12-24,4199.0,4227.0,4171.0,4188.0,211246,141572,4195.0
2020-12-25,4168.0,4269.0,4152.0,4193.0,372199,143912,4206.0
2020-12-28,4221.0,4355.0,4132.0,4178.0,569139,143603,4263.0
2020-12-29,4200.0,4221.0,4089.0,4109.0,328901,141135,4150.0
2020-12-30,4128.0,4166.0,4082.0,4135.0,296782,141263,4124.0
2020-12-31,4136.0,4180.0,4116.0,4178.0,170754,137044,4141.0
2021-01-04,4200.0,4266.0,4102.0,4127.0,328398,144686,4199.0
2021-01-05,4110.0,4155.0,4094.0,4137.0,179177,145251,4131.0
2021-01-06,4160.0,4315.0,4150.0,4299.0,327521,147727,4197.0
2021-01-07,4311.0,4395.0,4259.0,4318.0,464818,145249,4330.0
2021-01-08,4330.0,4427.0,4294.0,4397.0,275307,149002,4343.0
2021-01-11,4450.0,4555.0,4371.0,4426.0,457543,144008,4461.0
2021-01-12,4500.0,4528.0,4403.0,4491.0,328875,145929,4460.0
2021-01-13,4543.0,4608.0,4433.0,4482.0,456309,154961,4523.0
2021-01-14,4463.0,4477.0,4385.0,4449.0,305285,152038,4436.0
2021-01-15,4520.0,4668.0,4476.0,4663.0,436070,167089,4558.0
2021-01-18,4670.0,4677.0,4531.0,4552.0,442180,170439,4597.0
2021-01-19,4538.0,4548.0,4440.0,4440.0,336343,171368,4500.0
2021-01-20,4440.0,4479.0,4414.0,4469.0,277902,170461,4450.0
2021-01-21,4480.0,4519.0,4365.0,4414.0,413453,168428,4443.0
2021-01-22,4414.0,4424.0,4287.0,4315.0,323007,167809,4351.0
2021-01-25,4275.0,4299.0,4220.0,4289.0,271217,175393,4258.0
2021-01-26,4290.0,4348.0,4265.0,4328.0,286935,178886,4301.0
2021-01-27,4327.0,4327.0,4250.0,4274.0,212452,182830,4278.0
2021-01-28,4255.0,4360.0,4229.0,4355.0,361789,193605,4306.0
2021-01-29,4350.0,4367.0,4283.0,4338.0,285194,181437,4325.0
2021-02-01,4260.0,4425.0,4222.0,4390.0,360467,183772,4354.0
2021-02-02,4400.0,4461.0,4365.0,4458.0,262178,186508,4405.0
2021-02-03,4458.0,4473.0,4315.0,4443.0,437145,191940,4412.0
2021-02-04,4446.0,4480.0,4407.0,4459.0,220550,191098,4436.0
2021-02-05,4470.0,4535.0,4453.0,4515.0,264891,195008,4498.0
2021-02-08,4507.0,4532.0,4439.0,4464.0,246195,186057,4475.0
2021-02-09,4453.0,4549.0,4418.0,4532.0,239046,183156,4477.0
2021-02-10,4532.0,4545.0,4456.0,4483.0,190360,167142,4491.0
2021-02-18,4515.0,4640.0,4513.0,4629.0,224513,188205,4585.0
2021-02-19,4614.0,4725.0,4590.0,4718.0,232144,211658,4653.0
2021-02-22,4700.0,4730.0,4511.0,4532.0,378182,181077,4604.0
2021-02-23,4518.0,4564.0,4465.0,4528.0,310031,180634,4519.0
2021-02-24,4529.0,4590.0,4451.0,4484.0,309061,182263,4524.0
2021-02-25,4494.0,4726.0,4479.0,4650.0,408615,172932,4608.0
2021-02-26,4600.0,4665.0,4550.0,4637.0,270494,168649,4617.0
2021-03-01,4599.0,4599.0,4383.0,4390.0,385160,168508,4461.0
2021-03-02,4378.0,4432.0,4350.0,4410.0,233597,174661,4394.0
2021-03-03,4413.0,4478.0,4324.0,4455.0,407821,175182,4401.0
2021-03-04,4455.0,4560.0,4421.0,4482.0,315672,167031,4483.0
2021-03-05,4482.0,4498.0,4423.0,4466.0,248695,160656,4459.0
2021-03-08,4439.0,4439.0,4348.0,4380.0,297076,161853,4385.0
2021-03-09,4381.0,4520.0,4336.0,4510.0,320310,155877,4402.0
2021-03-10,4510.0,4538.0,4465.0,4497.0,294834,155998,4499.0
2021-03-11,4500.0,4525.0,4429.0,4456.0,241680,149974,4472.0
2021-03-12,4455.0,4575.0,4445.0,4519.0,312108,150222,4500.0
2021-03-15,4477.0,4487.0,4300.0,4310.0,382523,167330,4385.0
2021-03-16,4319.0,4435.0,4319.0,4421.0,278267,161143,4375.0
2021-03-17,4420.0,4421.0,4348.0,4379.0,232049,147865,4377.0
2021-03-18,4362.0,4395.0,4265.0,4343.0,324542,158894,4338.0
2021-03-19,4317.0,4357.0,4253.0,4294.0,301382,154294,4305.0
2021-03-22,4311.0,4400.0,4228.0,4390.0,375591,155602,4316.0
2021-03-23,4385.0,4394.0,4336.0,4355.0,188504,143295,4361.0
2021-03-24,4355.0,4434.0,4330.0,4404.0,236356,137832,4391.0
2021-03-25,4398.0,4418.0,4376.0,4395.0,147673,134448,4396.0
2021-03-26,4390.0,4496.0,4380.0,4482.0,230231,137549,4437.0
2021-03-29,4401.0,4410.0,4260.0,4278.0,364256,130560,4314.0
2021-03-30,4280.0,4335.0,4274.0,4299.0,174181,129042,4307.0
2021-03-31,4290.0,4308.0,4181.0,4210.0,320274,142292,4233.0
2021-04-01,4252.0,4297.0,4228.0,4247.0,174056,118189,4256.0
2021-04-02,4236.0,4240.0,4174.0,4230.0,205408,117377,4210.0
2021-04-06,4295.0,4299.0,4227.0,4234.0,142936,110244,4257.0
2021-04-07,4244.0,4268.0,4205.0,4242.0,143837,110422,4241.0
2021-04-08,4241.0,4283.0,4205.0,4261.0,141898,102004,4251.0
2021-04-09,4250.0,4250.0,4108.0,4144.0,294848,128344,4166.0
2021-04-12,4222.0,4310.0,4211.0,4287.0,239777,87504,4271.0
2021-04-13,4280.0,4349.0,4252.0,4304.0,159292,65776,4294.0
2021-04-14,4279.0,4334.0,4263.0,4295.0,94876,52146,4302.0
2021-04-15,4780.0,4910.0,4780.0,4888.0,168371,104419,4855.0
2021-04-16,4907.0,4990.0,4868.0,4980.0,182842,116096,4932.0
2021-04-19,4980.0,4990.0,4937.0,4963.0,125279,115435,4959.0
2021-04-20,4970.0,5064.0,4924.0,4966.0,229435,115632,4988.0
2021-04-21,4973.0,4998.0,4923.0,4978.0,156633,120988,4970.0
2021-04-22,4990.0,5050.0,4915.0,4979.0,260323,121004,4981.0
2021-04-23,4980.0,5056.0,4950.0,5017.0,190112,132628,5003.0
2021-04-26,5050.0,5081.0,4923.0,5000.0,211653,118243,4988.0
2021-04-27,4985.0,4985.0,4895.0,4920.0,204093,118535,4929.0
2021-04-28,4890.0,4956.0,4890.0,4917.0,130653,115102,4926.0
2021-04-29,4930.0,5005.0,4908.0,4992.0,163884,124490,4966.0
2021-04-30,5015.0,5020.0,4962.0,4994.0,122726,117182,4987.0
2021-05-06,4993.0,4994.0,4830.0,4862.0,271711,124353,4880.0
2021-05-07,4850.0,4985.0,4846.0,4973.0,233018,113271,4928.0
2021-05-10,4993.0,5058.0,4961.0,5007.0,204763,130118,5012.0
2021-05-11,4971.0,4971.0,4846.0,4891.0,285723,114684,4891.0
2021-05-12,4886.0,4922.0,4867.0,4888.0,169175,120017,4890.0
2021-05-13,4854.0,4910.0,4807.0,4845.0,234970,124482,4859.0
2021-05-14,4825.0,4884.0,4815.0,4870.0,188491,126003,4856.0
2021-05-17,4890.0,4897.0,4733.0,4816.0,297275,131897,4804.0
2021-05-18,4798.0,4825.0,4756.0,4774.0,155639,142491,4783.0
2021-05-19,4760.0,4779.0,4722.0,4738.0,156147,151713,4748.0
2021-05-20,4703.0,4828.0,4703.0,4784.0,216892,141437,4781.0
2021-05-21,4798.0,4813.0,4708.0,4716.0,197379,151999,4762.0
2021-05-24,4723.0,4805.0,4690.0,4757.0,196964,144053,4753.0
2021-05-25,4757.0,4796.0,4720.0,4787.0,194105,141789,4756.0
2021-05-26,4780.0,4873.0,4757.0,4855.0,252932,143989,4817.0
2021-05-27,4850.0,4860.0,4802.0,4830.0,164007,132140,4828.0
2021-05-28,4842.0,4860.0,4760.0,4825.0,209216,128395,4812.0
2021-05-31,4845.0,4878.0,4712.0,4743.0,277145,158054,4778.0
2021-06-01,4741.0,4755.0,4670.0,4708.0,250605,169690,4710.0
2021-06-02,4708.0,4720.0,4645.0,4654.0,193571,190002,4678.0
2021-06-03,4655.0,4746.0,4654.0,4721.0,196688,164808,4710.0
2021-06-04,4721.0,4808.0,4681.0,4775.0,269674,149877,4752.0
2021-06-07,4739.0,4764.0,4720.0,4748.0,152068,151874,4744.0
2021-06-08,4766.0,4826.0,4726.0,4756.0,211259,151869,4772.0
2021-06-09,4750.0,4812.0,4711.0,4793.0,186919,161982,4775.0
2021-06-10,4793.0,4806.0,4759.0,4782.0,119282,156024,4783.0
2021-06-11,4788.0,4825.0,4766.0,4793.0,174419,157771,4795.0
2021-06-15,4755.0,4858.0,4740.0,4845.0,270204,188920,4813.0
2021-06-16,4850.0,4850.0,4804.0,4827.0,142168,177021,4824.0
2021-06-17,4820.0,4897.0,4803.0,4880.0,183053,195275,4868.0
2021-06-18,4850.0,4857.0,4741.0,4771.0,293430,165526,4791.0
2021-06-21,4771.0,4781.0,4720.0,4734.0,171047,168191,4742.0
2021-06-22,4734.0,4760.0,4711.0,4758.0,112195,166429,4744.0
2021-06-23,4760.0,4780.0,4733.0,4741.0,111051,165405,4755.0
2021-06-24,4750.0,4800.0,4703.0,4764.0,242674,158443,4754.0
2021-06-25,4761.0,4783.0,4735.0,4740.0,128291,153055,4755.0
2021-06-28,4759.0,4844.0,4758.0,4838.0,193983,160629,4816.0
2021-06-29,4839.0,4842.0,4805.0,4822.0,106961,155041,4819.0
2021-06-30,4823.0,4850.0,4810.0,4835.0,106393,158652,4829.0
2021-07-01,4847.0,4859.0,4811.0,4851.0,140997,162804,4836.0
2021-07-02,4832.0,4847.0,4682.0,4705.0,378024,178004,4738.0
2021-07-05,4706.0,4720.0,4672.0,4682.0,166546,179187,4700.0
2021-07-06,4670.0,4708.0,4655.0,4695.0,164657,186224,4688.0
2021-07-07,4688.0,4707.0,4595.0,4626.0,294751,205790,4642.0
2021-07-08,4627.0,4660.0,4608.0,4635.0,148949,202435,4630.0
2021-07-09,4635.0,4646.0,4576.0,4582.0,172724,207941,4612.0
2021-07-12,4595.0,4645.0,4566.0,4613.0,180580,196488,4610.0
2021-07-13,4600.0,4613.0,4550.0,4565.0,203568,202996,4575.0
2021-07-14,4590.0,4640.0,4571.0,4622.0,150042,187790,4609.0
2021-07-15,4636.0,4683.0,4612.0,4652.0,154422,177585,4646.0
2021-07-16,4652.0,4686.0,4635.0,4655.0,120803,175736,4663.0
2021-07-19,4620.0,4644.0,4560.0,4604.0,198326,168944,4603.0
2021-07-20,4604.0,4680.0,4602.0,4659.0,139275,162295,4643.0
2021-07-21,4683.0,4716.0,4611.0,4626.0,152878,161223,4649.0
2021-07-22,4632.0,4642.0,4565.0,4570.0,159262,178737,4601.0
2021-07-23,4575.0,4597.0,4498.0,4504.0,195416,183964,4545.0
2021-07-26,4535.0,4655.0,4535.0,4642.0,237398,146620,4609.0
2021-07-27,4655.0,4673.0,4625.0,4634.0,123873,139649,4645.0
2021-07-28,4634.0,4653.0,4532.0,4571.0,194395,138983,4581.0
2021-07-29,4590.0,4639.0,4570.0,4587.0,143270,132740,4602.0
2021-07-30,4599.0,4602.0,4550.0,4560.0,121305,137498,4574.0
2021-08-02,4582.0,4620.0,4552.0,4599.0,165617,125094,4591.0
2021-08-03,4616.0,4644.0,4605.0,4613.0,141296,120463,4623.0
2021-08-04,4620.0,4685.0,4615.0,4634.0,173956,112943,4648.0
2021-08-05,4618.0,4627.0,4565.0,4584.0,143390,111362,4591.0
2021-08-06,4584.0,4618.0,4552.0,4577.0,106298,107957,4579.0
2021-08-09,4601.0,4628.0,4542.0,4560.0,161026,106831,4590.0
2021-08-10,4560.0,4570.0,4535.0,4546.0,81327,109149,4555.0
2021-08-11,4525.0,4545.0,4446.0,4455.0,171534,118710,4476.0
2021-08-12,4455.0,4493.0,4453.0,4474.0,108962,97854,4471.0
2021-08-13,4460.0,4496.0,4455.0,4470.0,64387,90276,4474.0
2021-08-16,4458.0,4478.0,4413.0,4432.0,69960,81103,4444.0
2021-08-17,4433.0,4450.0,4363.0,4371.0,64327,70909,4394.0
2021-08-18,4400.0,4410.0,4370.0,4396.0,38912,64041,4392.0
2021-08-19,4310.0,4374.0,4280.0,4351.0,139549,134369,4339.0
2021-08-20,4351.0,4365.0,4327.0,4329.0,84058,138318,4341.0
2021-08-23,4321.0,4382.0,4229.0,4352.0,283763,138443,4299.0
2021-08-24,4350.0,4428.0,4346.0,4414.0,181562,121014,4392.0
2021-08-25,4415.0,4444.0,4383.0,4390.0,123641,112728,4415.0
2021-08-26,4404.0,4417.0,4365.0,4373.0,94931,114062,4394.0
2021-08-27,4375.0,4398.0,4356.0,4369.0,85411,113586,4378.0
2021-08-30,4377.0,4417.0,4323.0,4348.0,156355,115479,4369.0
2021-08-31,4360.0,4379.0,4330.0,4370.0,76670,117705,4356.0
2021-09-01,4380.0,4407.0,4357.0,4364.0,118333,123487,4383.0
2021-09-02,4378.0,4399.0,4344.0,4376.0,111066,121337,4376.0
2021-09-03,4390.0,4415.0,4360.0,4374.0,128156,123853,4386.0
2021-09-06,4376.0,4397.0,4327.0,4358.0,156860,124710,4363.0
2021-09-07,4358.0,4383.0,4351.0,4367.0,80788,120651,4366.0
2021-09-08,4367.0,4367.0,4311.0,4330.0,116027,127745,4337.0
2021-09-09,4341.0,4400.0,4333.0,4396.0,128343,122847,4370.0
2021-09-10,4385.0,4390.0,4366.0,4374.0,82776,121986,4376.0
2021-09-13,4376.0,4390.0,4293.0,4310.0,158731,137141,4337.0
2021-09-14,4305.0,4326.0,4303.0,4313.0,60859,132605,4315.0
2021-09-15,4313.0,4380.0,4309.0,4368.0,121688,117390,4348.0
2021-09-16,4385.0,4389.0,4344.0,4366.0,84690,113890,4365.0
2021-09-17,4366.0,4443.0,4364.0,4412.0,189656,124527,4406.0
2021-09-22,4420.0,4465.0,4403.0,4448.0,125696,132957,4438.0
2021-09-23,4448.0,4455.0,4427.0,4442.0,68839,130219,4441.0
2021-09-24,4436.0,4485.0,4419.0,4439.0,142954,125855,4448.0
2021-09-27,4425.0,4425.0,4333.0,4343.0,172036,101909,4364.0
2021-09-28,4345.0,4359.0,4323.0,4333.0,77824,100513,4341.0
2021-09-29,4339.0,4373.0,4317.0,4355.0,75709,92020,4353.0
2021-09-30,4355.0,4375.0,4322.0,4360.0,73367,81254,4351.0
2021-10-08,4303.0,4424.0,4243.0,4391.0,184482,88073,4325.0
2021-10-11,4394.0,4496.0,4394.0,4491.0,173358,120146,4439.0
2021-10-12,4480.0,4500.0,4445.0,4466.0,121705,123365,4473.0
2021-10-13,4490.0,4510.0,4421.0,4460.0,129539,121197,4465.0
2021-10-14,4470.0,4524.0,4461.0,4482.0,169462,131856,4488.0
2021-10-15,4500.0,4548.0,4476.0,4505.0,159381,131211,4511.0
2021-10-18,4553.0,4613.0,4530.0,4563.0,182045,137568,4573.0
2021-10-19,4563.0,4603.0,4536.0,4543.0,126108,136106,4573.0
2021-10-20,4530.0,4596.0,4508.0,4576.0,132812,139376,4565.0
2021-10-21,4579.0,4620.0,4568.0,4585.0,133044,137196,4590.0
2021-10-22,4595.0,4695.0,4581.0,4688.0,291384,153210,4644.0
2021-10-25,4740.0,4796.0,4680.0,4694.0,276682,163653,4743.0
2021-10-26,4715.0,4772.0,4659.0,4771.0,179827,157788,4720.0
2021-10-27,4759.0,4762.0,4468.0,4544.0,298082,136887,4609.0
2021-10-28,4550.0,4559.0,4480.0,4514.0,143944,128954,4521.0
2021-10-29,4501.0,4508.0,4438.0,4445.0,136586,126298,4474.0
2021-11-01,4480.0,4494.0,4461.0,4473.0,99894,124079,4476.0
2021-11-02,4494.0,4596.0,4462.0,4587.0,204372,120561,4528.0
2021-11-03,4598.0,4635.0,4558.0,4623.0,138121,118730,4597.0
2021-11-04,4620.0,4647.0,4465.0,4477.0,209448,128003,4540.0
2021-11-05,4477.0,4505.0,4450.0,4475.0,111672,123241,4480.0
2021-11-08,4490.0,4504.0,4430.0,4478.0,124289,121923,4472.0
2021-11-09,4491.0,4520.0,4472.0,4485.0,115629,117291,4489.0
2021-11-10,4490.0,4547.0,4475.0,4507.0,174593,120571,4509.0
2021-11-11,4506.0,4506.0,4455.0,4469.0,103248,114988,4476.0
2021-11-12,4457.0,4590.0,4456.0,4590.0,186815,119824,4546.0
2021-11-15,4578.0,4597.0,4550.0,4561.0,103063,116865,4568.0
2021-11-16,4562.0,4605.0,4556.0,4598.0,113193,117747,4580.0
2021-11-17,4592.0,4629.0,4575.0,4596.0,118722,120418,4601.0
2021-11-18,4606.0,4650.0,4602.0,4640.0,110657,126648,4631.0
2021-11-19,4632.0,4634.0,4550.0,4589.0,110958,117989,4587.0
2021-11-22,4556.0,4556.0,4496.0,4526.0,117677,108316,4518.0
2021-11-23,4540.0,4574.0,4511.0,4518.0,86114,101925,4549.0
2021-11-24,4526.0,4550.0,4512.0,4542.0,63882,106518,4533.0
2021-11-25,4520.0,4545.0,4476.0,4528.0,83185,104404,4520.0
2021-11-26,4520.0,4577.0,4490.0,4514.0,135367,95687,4531.0
2021-11-29,4521.0,4524.0,4406.0,4424.0,116272,94975,4463.0
2021-11-30,4409.0,4418.0,4362.0,4369.0,93796,87699,4387.0
2021-12-01,4370.0,4380.0,4328.0,4334.0,68602,87213,4355.0
2021-12-02,4315.0,4357.0,4308.0,4340.0,69448,84448,4333.0
2021-12-03,4343.0,4355.0,4288.0,4302.0,73072,83921,4322.0
2021-12-06,4325.0,4368.0,4307.0,4312.0,60259,77192,4337.0
2021-12-07,4335.0,4359.0,4311.0,4338.0,50704,74497,4333.0
2021-12-08,4333.0,4335.0,4212.0,4247.0,87153,78372,4264.0
2021-12-09,4259.0,4263.0,4133.0,4159.0,96788,73299,4187.0
2021-12-10,4145.0,4213.0,4135.0,4186.0,68826,60146,4182.0
2021-12-13,4130.0,4185.0,4123.0,4153.0,82430,110385,4152.0
2021-12-14,4137.0,4153.0,4082.0,4110.0,120594,123564,4115.0
2021-12-15,4106.0,4146.0,4091.0,4115.0,70595,121122,4120.0
2021-12-16,4115.0,4143.0,4106.0,4112.0,74321,123901,4126.0
2021-12-17,4116.0,4163.0,4087.0,4108.0,119092,133459,4124.0
2021-12-20,4090.0,4127.0,4033.0,4042.0,124425,144868,4082.0
2021-12-21,4050.0,4078.0,4045.0,4065.0,66780,139388,4061.0
2021-12-22,4067.0,4098.0,4050.0,4089.0,96445,133613,4075.0
2021-12-23,4095.0,4109.0,4063.0,4081.0,62235,133979,4082.0
2021-12-24,4080.0,4146.0,4075.0,4118.0,111669,123836,4121.0
2021-12-27,4105.0,4124.0,4053.0,4120.0,106517,122268,4087.0
2021-12-28,4120.0,4131.0,4077.0,4085.0,75243,126126,4102.0
2021-12-29,4075.0,4136.0,4074.0,4116.0,92147,122892,4111.0
2021-12-30,4130.0,4162.0,4113.0,4136.0,94752,121227,0.0
2021-12-31,4125.0,4152.0,4118.0,4138.0,55780,114669,4132.0
2022-01-04,4121.0,4189.0,4060.0,4165.0,177379,119193,4111.0
2022-01-05,4159.0,4166.0,4117.0,4120.0,83021,120858,4142.0
2022-01-06,4130.0,4138.0,4090.0,4107.0,79090,122330,4114.0
2022-01-07,4110.0,4149.0,4106.0,4128.0,78414,123150,4128.0
2022-01-10,4080.0,4149.0,4050.0,4128.0,134314,115871,4107.0
2022-01-11,4120.0,4139.0,4092.0,4104.0,81169,115874,4115.0
2022-01-12,4110.0,4150.0,4103.0,4142.0,85322,115732,4130.0
2022-01-13,4152.0,4170.0,4134.0,4140.0,104001,113820,4151.0
2022-01-14,4135.0,4148.0,4068.0,4071.0,130982,122770,4108.0
2022-01-17,4050.0,4075.0,4015.0,4029.0,143563,141062,4038.0
2022-01-18,4031.0,4049.0,4006.0,4013.0,96484,143640,4029.0
2022-01-19,4018.0,4045.0,4013.0,4028.0,76867,141854,4029.0
2022-01-20,4035.0,4068.0,4025.0,4039.0,94865,142043,4041.0
2022-01-21,4050.0,4074.0,4042.0,4054.0,91206,133650,4058.0
2022-01-24,4055.0,4146.0,4033.0,4133.0,164654,123639,4097.0
2022-01-25,4120.0,4170.0,4112.0,4117.0,111310,117045,4143.0
2022-01-26,4111.0,4154.0,4110.0,4138.0,68797,113415,4138.0
2022-01-27,4168.0,4207.0,4150.0,4186.0,105824,110363,4175.0
2022-01-28,4199.0,4222.0,4174.0,4185.0,79402,99956,4192.0
2022-02-07,4204.0,4251.0,4190.0,4237.0,92898,106816,4223.0
2022-02-08,4245.0,4275.0,4225.0,4258.0,77987,111117,4253.0
2022-02-09,4259.0,4270.0,4216.0,4240.0,75596,110708,4244.0
2022-02-10,4250.0,4300.0,4237.0,4289.0,81454,116773,4268.0
2022-02-11,4275.0,4279.0,4240.0,4269.0,74130,112128,4257.0
2022-02-14,4240.0,4296.0,4226.0,4280.0,71794,115711,4271.0
2022-02-15,4281.0,4281.0,4230.0,4240.0,74342,113449,4248.0
2022-02-16,4243.0,4252.0,4208.0,4227.0,62124,107423,4228.0
2022-02-17,4234.0,4284.0,4234.0,4264.0,82648,111053,4261.0
2022-02-18,4269.0,4271.0,4230.0,4240.0,65252,105865,4246.0
2022-02-21,4230.0,4254.0,4182.0,4215.0,108654,107352,4213.0
2022-02-22,4218.0,4240.0,4210.0,4217.0,54482,109002,4222.0
2022-02-23,4222.0,4310.0,4218.0,4268.0,140472,117076,4269.0
2022-02-24,4285.0,4305.0,4269.0,4304.0,68314,117070,4283.0
2022-02-25,4285.0,4327.0,4258.0,4324.0,103026,122881,4294.0
2022-02-28,4298.0,4322.0,4272.0,4308.0,91919,118531,4296.0
2022-03-01,4310.0,4333.0,4286.0,4290.0,71296,111930,4304.0
2022-03-02,4312.0,4369.0,4308.0,4340.0,94614,114355,4337.0
2022-03-03,4335.0,4337.0,4287.0,4317.0,83300,106368,4315.0
2022-03-04,4322.0,4364.0,4310.0,4318.0,90359,110410,4338.0
2022-03-07,4345.0,4398.0,4344.0,4388.0,86068,113080,4378.0
2022-03-08,4385.0,4412.0,4370.0,4400.0,68900,111223,4390.0
2022-03-09,4410.0,4426.0,4374.0,4379.0,57092,107098,4398.0
2022-03-10,4380.0,4398.0,4337.0,4365.0,68923,102949,4369.0
2022-03-11,4388.0,4462.0,4371.0,4455.0,116068,125035,4414.0
2022-03-14,4414.0,4453.0,4384.0,4431.0,120279,115580,4419.0
2022-03-15,4424.0,4438.0,4234.0,4248.0,175622,93791,4331.0
2022-03-16,4281.0,4289.0,4256.0,4276.0,79534,87835,4276.0
2022-03-17,4262.0,4270.0,4204.0,4233.0,92789,91477,4227.0
2022-03-18,4252.0,4262.0,4224.0,4249.0,55604,90222,4242.0
2022-03-21,4267.0,4278.0,4242.0,4264.0,52785,87051,4263.0
2022-03-22,4269.0,4320.0,4267.0,4292.0,75281,80035,4299.0
2022-03-23,4292.0,4345.0,4258.0,4338.0,68147,79312,4302.0
2022-03-24,4335.0,4436.0,4335.0,4424.0,95906,81203,4396.0
2022-03-25,4410.0,4414.0,4345.0,4364.0,73373,73909,4375.0
2022-03-28,4348.0,4394.0,4322.0,4346.0,69353,73051,4355.0
2022-03-29,4361.0,4388.0,4342.0,4367.0,50692,72943,4365.0
2022-03-30,4363.0,4399.0,4262.0,4330.0,71359,68040,4350.0
2022-03-31,4350.0,4350.0,4315.0,4332.0,44503,58518,4332.0
2022-04-01,4331.0,4357.0,4295.0,4306.0,49729,47170,4324.0
2022-04-06,4375.0,4433.0,4364.0,4398.0,57665,39891,4395.0
2022-04-07,4960.0,4969.0,4820.0,4893.0,78410,82016,4907.0
2022-04-08,4900.0,4925.0,4890.0,4913.0,42920,85626,4909.0
2022-04-11,4939.0,4950.0,4851.0,4860.0,74641,86142,4900.0
2022-04-12,4863.0,4876.0,4786.0,4814.0,84827,87363,4816.0
2022-04-13,4800.0,4826.0,4788.0,4791.0,45046,86339,4804.0
2022-04-14,4805.0,4825.0,4798.0,4808.0,38589,86502,4812.0
2022-04-15,4805.0,4805.0,4765.0,4775.0,47229,89372,4785.0
2022-04-18,4806.0,4879.0,4790.0,4817.0,104877,84944,4834.0
2022-04-19,4842.0,4846.0,4805.0,4810.0,61273,86557,4826.0
2022-04-20,4830.0,4837.0,4782.0,4800.0,48533,87786,4809.0
2022-04-21,4792.0,4823.0,4788.0,4801.0,43196,87626,4803.0
2022-04-22,4803.0,4832.0,4756.0,4817.0,76910,90235,4800.0
2022-04-25,4835.0,4876.0,4805.0,4825.0,113470,92887,4843.0
2022-04-26,4836.0,4847.0,4777.0,4780.0,90635,93376,4799.0
2022-04-27,4785.0,4796.0,4770.0,4783.0,46440,94309,4784.0
2022-04-28,4782.0,4828.0,4778.0,4797.0,75628,93556,4801.0
2022-04-29,4805.0,4820.0,4790.0,4806.0,44670,90396,4806.0
2022-05-05,4801.0,4850.0,4741.0,4842.0,103493,100273,4813.0
2022-05-06,4822.0,4823.0,4718.0,4720.0,130179,111899,4766.0
2022-05-09,4720.0,4729.0,4691.0,4703.0,60516,115945,4709.0
2022-05-10,4690.0,4728.0,4689.0,4702.0,59994,111659,4709.0
2022-05-11,4715.0,4723.0,4693.0,4717.0,44508,111479,4710.0
2022-05-12,4725.0,4745.0,4708.0,4744.0,67257,111863,4728.0
2022-05-13,4741.0,4750.0,4721.0,4728.0,46933,113397,4734.0
2022-05-16,4735.0,4772.0,4735.0,4761.0,73354,108658,4754.0
2022-05-17,4772.0,4805.0,4758.0,4786.0,68468,105585,4784.0
2022-05-18,4786.0,4798.0,4782.0,4798.0,39908,104602,4790.0
2022-05-19,4793.0,4800.0,4736.0,4755.0,78752,101759,4762.0
2022-05-20,4763.0,4803.0,4758.0,4802.0,63775,101036,4779.0
2022-05-23,4768.0,4845.0,4760.0,4812.0,110263,113588,4804.0
2022-05-24,4805.0,4805.0,4775.0,4800.0,57480,107091,4790.0
2022-05-25,4791.0,4828.0,4790.0,4820.0,50625,112023,4814.0
2022-05-26,4812.0,4830.0,4802.0,4823.0,39310,114512,4815.0
2022-05-27,4823.0,4834.0,4744.0,4761.0,108065,108779,4777.0
2022-05-30,4750.0,4759.0,4720.0,4729.0,66269,114585,4736.0
2022-05-31,4729.0,4746.0,4720.0,4734.0,42988,116479,4737.0
2022-06-01,4732.0,4760.0,4721.0,4735.0,49049,116096,4743.0
2022-06-02,4735.0,4743.0,4706.0,4706.0,49923,119776,4726.0
2022-06-06,4706.0,4808.0,4701.0,4780.0,114248,118805,4765.0
2022-06-07,4772.0,4779.0,4681.0,4688.0,128930,139615,4716.0
2022-06-08,4688.0,4715.0,4687.0,4699.0,59217,140755,4702.0
2022-06-09,4686.0,4712.0,4666.0,4688.0,53360,143259,4693.0
2022-06-10,4685.0,4706.0,4658.0,4666.0,63431,142975,4680.0
2022-06-13,4690.0,4716.0,4673.0,4687.0,61367,144367,4693.0
2022-06-14,4688.0,4705.0,4671.0,4694.0,44334,145061,4686.0
2022-06-15,4693.0,4693.0,4620.0,4643.0,104968,161172,4643.0
2022-06-16,4650.0,4653.0,4625.0,4647.0,46418,162650,4641.0
2022-06-17,4650.0,4703.0,4616.0,4690.0,95970,156178,4664.0
2022-06-20,4680.0,4730.0,4672.0,4725.0,86473,154353,4707.0
2022-06-21,4725.0,4739.0,4662.0,4665.0,85163,151986,4701.0
2022-06-22,4660.0,4665.0,4620.0,4623.0,70037,158297,4641.0
2022-06-23,4618.0,4641.0,4580.0,4635.0,87538,157936,4612.0
2022-06-24,4640.0,4640.0,4588.0,4607.0,56727,153369,4607.0
2022-06-27,4581.0,4624.0,4555.0,4577.0,86761,159901,4589.0
2022-06-28,4588.0,4588.0,4551.0,4570.0,65099,161238,4564.0
2022-06-29,4577.0,4597.0,4562.0,4572.0,53948,160560,4579.0
2022-06-30,4580.0,4584.0,4525.0,4531.0,75648,165250,4546.0
2022-07-01,4528.0,4531.0,4449.0,4464.0,107556,159506,4489.0
2022-07-04,4463.0,4484.0,4414.0,4470.0,87845,160419,4450.0
2022-07-05,4470.0,4470.0,4393.0,4399.0,74263,167637,4439.0
2022-07-06,4380.0,4386.0,4320.0,4366.0,97164,156291,4354.0
2022-07-07,4360.0,4388.0,4348.0,4384.0,58481,158194,4372.0
2022-07-08,4397.0,4410.0,4381.0,4404.0,51985,158306,4395.0
2022-07-11,4424.0,4445.0,4394.0,4399.0,60532,161335,4418.0
2022-07-12,4384.0,4420.0,4358.0,4365.0,64216,158464,4392.0
2022-07-13,4350.0,4376.0,4328.0,4366.0,56744,156440,4353.0
2022-07-14,4370.0,4409.0,4367.0,4395.0,56230,154241,4388.0
2022-07-15,4388.0,4397.0,4338.0,4348.0,66901,150617,4363.0
2022-07-18,4370.0,4406.0,4368.0,4391.0,63217,150492,4392.0
2022-07-19,4392.0,4405.0,4336.0,4343.0,69065,155514,4368.0
2022-07-20,4346.0,4401.0,4291.0,4321.0,123254,153185,4336.0
2022-07-21,4315.0,4333.0,4303.0,4319.0,45818,150006,4315.0
2022-07-22,4313.0,4319.0,4261.0,4299.0,84895,145135,4288.0
2022-07-25,4295.0,4305.0,4262.0,4283.0,54917,142755,4281.0
2022-07-26,4275.0,4288.0,4217.0,4218.0,96396,145059,4245.0
2022-07-27,4206.0,4240.0,4188.0,4222.0,80369,138267,4214.0
2022-07-28,4238.0,4295.0,4238.0,4271.0,80162,130863,4262.0
2022-07-29,4285.0,4302.0,4262.0,4286.0,64745,121861,4283.0
2022-08-01,4280.0,4281.0,4175.0,4180.0,77086,122435,4226.0
2022-08-02,4191.0,4212.0,4154.0,4155.0,75882,119359,4183.0
2022-08-03,4165.0,4165.0,4117.0,4120.0,64097,125509,4138.0
2022-08-04,4115.0,4136.0,4086.0,4096.0,71648,123318,4110.0
2022-08-05,4099.0,4148.0,4076.0,4089.0,74796,121614,4102.0
2022-08-08,4059.0,4060.0,3991.0,4000.0,105199,124028,4018.0
2022-08-09,4000.0,4013.0,3957.0,3957.0,97052,116778,3986.0
2022-08-10,3978.0,4069.0,3971.0,4063.0,132628,90656,4037.0
2022-08-11,4085.0,4098.0,4054.0,4081.0,73426,72906,4078.0
2022-08-12,4100.0,4150.0,4090.0,4142.0,54013,62063,4131.0
2022-08-15,4036.0,4126.0,4010.0,4114.0,114047,114892,4085.0
2022-08-16,4100.0,4140.0,4088.0,4108.0,86027,116838,4114.0
2022-08-17,4123.0,4194.0,4115.0,4156.0,110315,113161,4152.0
2022-08-18,4165.0,4176.0,4130.0,4147.0,88118,105088,4152.0
2022-08-19,4167.0,4178.0,4131.0,4155.0,65126,105878,4155.0
2022-08-22,4142.0,4172.0,4103.0,4126.0,96947,112533,4137.0
2022-08-23,4137.0,4158.0,4122.0,4143.0,78675,118327,4139.0
2022-08-24,4161.0,4205.0,4155.0,4186.0,84294,114980,4176.0
2022-08-25,4203.0,4206.0,4135.0,4152.0,77297,122095,4160.0
2022-08-26,4152.0,4152.0,4114.0,4119.0,71586,129579,4130.0
2022-08-29,4131.0,4180.0,4121.0,4158.0,90954,127185,4152.0
2022-08-30,4183.0,4255.0,4170.0,4212.0,155145,130752,4213.0
2022-08-31,4235.0,4257.0,4212.0,4231.0,85710,131683,4231.0
2022-09-01,4245.0,4249.0,4182.0,4199.0,105820,136287,4204.0
2022-09-02,4190.0,4214.0,4169.0,4193.0,84509,141357,4193.0
2022-09-05,4220.0,4258.0,4205.0,4249.0,89958,150700,4229.0
2022-09-06,4260.0,4304.0,4256.0,4269.0,111943,151991,4278.0
2022-09-07,4272.0,4299.0,4241.0,4290.0,84244,152292,4280.0
2022-09-08,4265.0,4270.0,4222.0,4248.0,104827,160868,4242.0
2022-09-09,4231.0,4274.0,4230.0,4270.0,67529,159643,4255.0
2022-09-13,4274.0,4305.0,4230.0,4233.0,93408,167655,4265.0
2022-09-14,4245.0,4255.0,4205.0,4230.0,86086,164683,4232.0
2022-09-15,4249.0,4275.0,4238.0,4242.0,74439,159724,4256.0
2022-09-16,4246.0,4266.0,4221.0,4263.0,79863,155487,4248.0
2022-09-19,4268.0,4330.0,4268.0,4314.0,111059,163849,4307.0
2022-09-20,4315.0,4315.0,4279.0,4294.0,63725,160869,4292.0
2022-09-21,4288.0,4298.0,4269.0,4291.0,57535,161606,4286.0
2022-09-22,4310.0,4333.0,4300.0,4322.0,66362,165464,4315.0
2022-09-23,4320.0,4356.0,4315.0,4325.0,72178,163755,4334.0
2022-09-26,4323.0,4334.0,4285.0,4321.0,67336,161028,4312.0
2022-09-27,4322.0,4375.0,4311.0,4370.0,83343,165253,4346.0
2022-09-28,4365.0,4386.0,4346.0,4385.0,52361,164595,4369.0
2022-09-29,4381.0,4390.0,4363.0,4373.0,43713,159612,4373.0
2022-09-30,4373.0,4375.0,4270.0,4286.0,118487,144871,4308.0
2022-10-10,4388.0,4518.0,4388.0,4500.0,146494,146367,4472.0
2022-10-11,4500.0,4500.0,4460.0,4473.0,68398,150572,4477.0
2022-10-12,4468.0,4493.0,4446.0,4470.0,68803,153675,4471.0
2022-10-13,4482.0,4566.0,4475.0,4541.0,134286,158546,4530.0
2022-10-14,4540.0,4565.0,4521.0,4560.0,74922,157010,4539.0
2022-10-17,4530.0,4554.0,4512.0,4546.0,83381,160862,4535.0
2022-10-18,4545.0,4546.0,4418.0,4447.0,145612,145692,4465.0
2022-10-19,4453.0,4464.0,4434.0,4456.0,59584,145314,4451.0
2022-10-20,4465.0,4491.0,4436.0,4453.0,74854,142836,4463.0
2022-10-21,4471.0,4485.0,4447.0,4471.0,69453,143884,4465.0
2022-10-24,4511.0,4544.0,4410.0,4435.0,123876,146350,4483.0
2022-10-25,4436.0,4439.0,4391.0,4424.0,80084,144947,4414.0
2022-10-26,4435.0,4437.0,4320.0,4328.0,123358,146991,4367.0
2022-10-27,4330.0,4353.0,4299.0,4309.0,70784,142949,4329.0
2022-10-28,4306.0,4317.0,4281.0,4303.0,78102,138659,4299.0
2022-10-31,4358.0,4386.0,4307.0,4320.0,106558,129943,4345.0
2022-11-01,4332.0,4353.0,4308.0,4327.0,80623,133747,4328.0
2022-11-02,4335.0,4355.0,4318.0,4329.0,88036,136627,4336.0
2022-11-03,4328.0,4342.0,4292.0,4337.0,89027,137940,4322.0
2022-11-04,4340.0,4349.0,4254.0,4273.0,141311,153042,4298.0
2022-11-07,4285.0,4318.0,4275.0,4283.0,86976,150196,4293.0
2022-11-08,4280.0,4305.0,4255.0,4260.0,82993,150947,4281.0
2022-11-09,4265.0,4302.0,4245.0,4287.0,76216,146244,4278.0
2022-11-10,4270.0,4285.0,4250.0,4268.0,71923,145498,4266.0
2022-11-11,4270.0,4278.0,4236.0,4257.0,89227,150735,4262.0
2022-11-14,4240.0,4323.0,4211.0,4322.0,111275,146961,4261.0
2022-11-15,4319.0,4339.0,4290.0,4336.0,95041,141427,4317.0
2022-11-16,4340.0,4373.0,4337.0,4356.0,80120,139833,4354.0
2022-11-17,4355.0,4368.0,4327.0,4344.0,55390,137857,4347.0
2022-11-18,4340.0,4345.0,4241.0,4256.0,121783,140256,4282.0
2022-11-21,4276.0,4399.0,4267.0,4382.0,152093,133201,4338.0
2022-11-22,4390.0,4421.0,4361.0,4392.0,100271,132228,4391.0
2022-11-23,4383.0,4400.0,4366.0,4389.0,61519,132245,4381.0
2022-11-24,4394.0,4463.0,4375.0,4457.0,97729,135758,4415.0
2022-11-25,4441.0,4475.0,4424.0,4440.0,79411,132807,4444.0
2022-11-28,4419.0,4450.0,4395.0,4428.0,68419,130193,4427.0
2022-11-29,4429.0,4439.0,4338.0,4360.0,122087,111037,4388.0
2022-11-30,4355.0,4370.0,4315.0,4332.0,77710,99645,4344.0
2022-12-01,4341.0,4389.0,4330.0,4336.0,69037,93106,4354.0
2022-12-02,4343.0,4369.0,4324.0,4354.0,53028,90158,4351.0
2022-12-05,4387.0,4516.0,4381.0,4494.0,116281,93705,4456.0
2022-12-06,4500.0,4513.0,4475.0,4487.0,51426,92490,4492.0
2022-12-07,4500.0,4512.0,4450.0,4467.0,55801,91356,4479.0
2022-12-08,4477.0,4490.0,4415.0,4442.0,57877,87284,4448.0
2022-12-09,4425.0,4469.0,4386.0,4415.0,73050,82273,4419.0
2022-12-12,4382.0,4385.0,4261.0,4290.0,106951,65010,4307.0
2022-12-13,4310.0,4314.0,4269.0,4273.0,55619,50075,4291.0
2022-12-14,4271.0,4293.0,4254.0,4275.0,55459,103843,4272.0
2022-12-15,4267.0,4295.0,4230.0,4237.0,65759,112299,4256.0
2022-12-16,4232.0,4255.0,4208.0,4215.0,64579,118859,4226.0
2022-12-19,4198.0,4240.0,4178.0,4222.0,58681,123015,4216.0
2022-12-20,4219.0,4240.0,4167.0,4202.0,64810,125514,4204.0
2022-12-21,4205.0,4279.0,4190.0,4260.0,65546,120058,4227.0
2022-12-22,4260.0,4267.0,4238.0,4243.0,46105,119807,4252.0
2022-12-23,4238.0,4255.0,4211.0,4217.0,63981,126663,4229.0
2022-12-26,4182.0,4254.0,4155.0,4238.0,79682,127203,4221.0
2022-12-27,4254.0,4325.0,4244.0,4307.0,86284,116222,4296.0
2022-12-28,4308.0,4311.0,4266.0,4297.0,59494,117791,4291.0
2022-12-29,4310.0,4348.0,4282.0,4327.0,64297,114869,4316.0
2022-12-30,4327.0,4337.0,4295.0,4326.0,51900,112138,4322.0
2023-01-03,4327.0,4385.0,4281.0,4314.0,92518,118214,4330.0
2023-01-04,4314.0,4335.0,4283.0,4326.0,60015,115541,4313.0
2023-01-05,4330.0,4400.0,4326.0,4376.0,99914,123054,4368.0
2023-01-06,4370.0,4377.0,4340.0,4370.0,63380,123619,4358.0
2023-01-09,4370.0,4371.0,4330.0,4360.0,47150,123510,4353.0
2023-01-10,4360.0,4392.0,4337.0,4373.0,79567,123860,4368.0
2023-01-11,4394.0,4398.0,4364.0,4385.0,43457,123474,4378.0
2023-01-12,4385.0,4409.0,4370.0,4386.0,56868,128193,4388.0
2023-01-13,4391.0,4425.0,4375.0,4418.0,71096,128481,4400.0
2023-01-16,4411.0,4436.0,4398.0,4414.0,51293,129110,4415.0
2023-01-17,4419.0,4433.0,4408.0,4423.0,28895,130160,4421.0
2023-01-18,4420.0,4446.0,4412.0,4437.0,40270,130617,4430.0
2023-01-19,4436.0,4463.0,4412.0,4418.0,49649,126891,4430.0
2023-01-20,4406.0,4416.0,4380.0,4406.0,46357,119907,4399.0
2023-01-30,4452.0,4479.0,4400.0,4434.0,79615,122695,4442.0
2023-01-31,4432.0,4446.0,4421.0,4440.0,43339,126646,4432.0
2023-02-01,4435.0,4485.0,4433.0,4476.0,64662,132498,4464.0
2023-02-02,4462.0,4471.0,4446.0,4458.0,45346,130181,4459.0
2023-02-03,4470.0,4490.0,4443.0,4480.0,63895,133164,4465.0
2023-02-06,4462.0,4475.0,4422.0,4439.0,72456,133886,4446.0
2023-02-07,4431.0,4439.0,4362.0,4385.0,94609,131446,4394.0
2023-02-08,4385.0,4392.0,4330.0,4336.0,68488,136881,4360.0
2023-02-09,4332.0,4340.0,4306.0,4333.0,63090,138591,4324.0
2023-02-10,4338.0,4370.0,4332.0,4363.0,62770,136670,4348.0
2023-02-13,4360.0,4360.0,4306.0,4323.0,62871,140751,4326.0
2023-02-14,4330.0,4343.0,4301.0,4319.0,49349,141395,4323.0
2023-02-15,4308.0,4415.0,4291.0,4381.0,130081,135566,4365.0
2023-02-16,4355.0,4379.0,4341.0,4369.0,66942,133496,4359.0
2023-02-17,4379.0,4388.0,4320.0,4348.0,59893,134125,4352.0
2023-02-20,4353.0,4391.0,4347.0,4372.0,51099,128771,4372.0
2023-02-21,4378.0,4388.0,4362.0,4369.0,41246,127681,4373.0
2023-02-22,4364.0,4375.0,4337.0,4353.0,51368,131578,4355.0
2023-02-23,4353.0,4435.0,4350.0,4428.0,114093,139718,4410.0
2023-02-24,4421.0,4441.0,4410.0,4430.0,57066,136967,4426.0
2023-02-27,4440.0,4444.0,4413.0,4426.0,44244,137583,4426.0
2023-02-28,4435.0,4438.0,4397.0,4408.0,52223,134460,4413.0
2023-03-01,4411.0,4426.0,4390.0,4408.0,51852,131124,4408.0
2023-03-02,4396.0,4414.0,4330.0,4350.0,105110,136988,4363.0
2023-03-03,4367.0,4428.0,4365.0,4412.0,92770,129893,4397.0
2023-03-06,4417.0,4417.0,4337.0,4357.0,93828,128058,4366.0
2023-03-07,4373.0,4422.0,4362.0,4396.0,85847,119239,4390.0
2023-03-08,4390.0,4419.0,4378.0,4408.0,55556,122116,4400.0
2023-03-09,4405.0,4423.0,4385.0,4397.0,54124,123612,4405.0
2023-03-10,4396.0,4399.0,4360.0,4387.0,64759,120243,4382.0
2023-03-13,4393.0,4393.0,4344.0,4373.0,70714,126592,4369.0
2023-03-14,4395.0,4477.0,4392.0,4441.0,136498,134707,4434.0
2023-03-15,4440.0,4465.0,4423.0,4438.0,74720,138870,4441.0
2023-03-16,4433.0,4454.0,4415.0,4440.0,67023,135279,4435.0
2023-03-17,4444.0,4473.0,4428.0,4447.0,86302,134768,4447.0
2023-03-20,4455.0,4475.0,4362.0,4369.0,136052,127282,4410.0
2023-03-21,4378.0,4390.0,4353.0,4371.0,67121,123944,4371.0
2023-03-22,4368.0,4380.0,4342.0,4356.0,52690,126564,4359.0
2023-03-23,4343.0,4352.0,4263.0,4270.0,107404,139325,4307.0
2023-03-24,4260.0,4287.0,4244.0,4264.0,73467,135786,4265.0
2023-03-27,4291.0,4306.0,4253.0,4267.0,57717,138837,4276.0
2023-03-28,4270.0,4326.0,4237.0,4318.0,83629,130024,4288.0
2023-03-29,4318.0,4323.0,4291.0,4321.0,57543,126724,4307.0
2023-03-30,4313.0,4355.0,4296.0,4319.0,67153,113483,4324.0
2023-03-31,4312.0,4350.0,4305.0,4336.0,55470,99334,4329.0
2023-04-03,4319.0,4340.0,4287.0,4324.0,53858,97816,4314.0
2023-04-04,4315.0,4324.0,4282.0,4304.0,38991,99299,4300.0
2023-04-06,4280.0,4293.0,4253.0,4258.0,42830,98865,4271.0
2023-04-07,4265.0,4303.0,4265.0,4282.0,40360,93563,4282.0
2023-04-10,4300.0,4345.0,4300.0,4310.0,65259,83194,4325.0
2023-04-11,4319.0,4347.0,4305.0,4338.0,38660,75980,4326.0
2023-04-12,4336.0,4337.0,4282.0,4329.0,68060,66039,4309.0
2023-04-13,4338.0,4346.0,4298.0,4303.0,43507,52304,4323.0
2023-04-14,4216.0,4245.0,4205.0,4237.0,49691,119106,4227.0
2023-04-17,4240.0,4399.0,4238.0,4389.0,145505,122594,4344.0
2023-04-18,4374.0,4385.0,4345.0,4375.0,76670,115315,4363.0
2023-04-19,4365.0,4377.0,4350.0,4367.0,55142,119669,4364.0
2023-04-20,4346.0,4383.0,4270.0,4279.0,98306,119589,4315.0
2023-04-21,4280.0,4284.0,4243.0,4269.0,57951,119917,4263.0
2023-04-24,4270.0,4298.0,4228.0,4262.0,78892,123469,4270.0
2023-04-25,4266.0,4275.0,4206.0,4214.0,72601,128561,4228.0
2023-04-26,4210.0,4229.0,4192.0,4212.0,56436,128548,4211.0
2023-04-27,4213.0,4250.0,4141.0,4214.0,72065,124731,4216.0
2023-04-28,4216.0,4220.0,4178.0,4187.0,56789,121447,4194.0
2023-05-04,4180.0,4200.0,4156.0,4172.0,59377,126368,4176.0
2023-05-05,4172.0,4183.0,4147.0,4152.0,56879,129193,4162.0
2023-05-08,4146.0,4163.0,4101.0,4152.0,97460,133633,4131.0
2023-05-09,4142.0,4154.0,4122.0,4131.0,56401,136988,4136.0
2023-05-10,4126.0,4185.0,4126.0,4153.0,82243,138507,4155.0
2023-05-11,4168.0,4178.0,4146.0,4152.0,48977,135367,4158.0
2023-05-12,4160.0,4170.0,4110.0,4153.0,67364,132790,4147.0
2023-05-15,4140.0,4180.0,4106.0,4153.0,85042,134723,4144.0
2023-05-16,4150.0,4190.0,4143.0,4175.0,73445,134826,4173.0
2023-05-17,4170.0,4195.0,4156.0,4176.0,63298,136178,4177.0
2023-05-18,4178.0,4190.0,4137.0,4162.0,66260,136377,4164.0
2023-05-19,4168.0,4176.0,4123.0,4134.0,59897,135034,4147.0
2023-05-22,4149.0,4175.0,4081.0,4092.0,113206,134165,4114.0
2023-05-23,4100.0,4113.0,4092.0,4100.0,41423,133192,4101.0
2023-05-24,4090.0,4168.0,4071.0,4114.0,111070,133093,4122.0
2023-05-25,4114.0,4121.0,4097.0,4107.0,39906,134492,4109.0
2023-05-26,4108.0,4133.0,4078.0,4115.0,76653,135302,4108.0
2023-05-29,4145.0,4190.0,4127.0,4182.0,97360,132087,4165.0
2023-05-30,4180.0,4203.0,4151.0,4181.0,88605,130772,4176.0
2023-05-31,4172.0,4175.0,4118.0,4134.0,90728,124743,4141.0
2023-06-01,4148.0,4174.0,4124.0,4170.0,70482,129151,4148.0
2023-06-02,4151.0,4195.0,4143.0,4182.0,89884,134002,4167.0
2023-06-05,4178.0,4225.0,4130.0,4143.0,170957,133558,4173.0
2023-06-06,4145.0,4159.0,4102.0,4111.0,80399,134487,4133.0
2023-06-07,4115.0,4122.0,4091.0,4103.0,57734,137266,4106.0
2023-06-08,4114.0,4121.0,4102.0,4114.0,41618,134839,4111.0
2023-06-09,4100.0,4119.0,4053.0,4092.0,91096,138010,4087.0
2023-06-12,4099.0,4109.0,4068.0,4080.0,53453,142430,4085.0
2023-06-13,4072.0,4078.0,4043.0,4047.0,59363,149812,4061.0
2023-06-14,4040.0,4060.0,4031.0,4046.0,65562,156434,4047.0
2023-06-15,4046.0,4077.0,4042.0,4056.0,60143,156940,4061.0
2023-06-16,4065.0,4110.0,4064.0,4087.0,96396,152254,4085.0
2023-06-19,4085.0,4140.0,4077.0,4126.0,117256,142494,4116.0
2023-06-20,4120.0,4135.0,4073.0,4128.0,94543,137277,4111.0
2023-06-21,4128.0,4159.0,4124.0,4142.0,80821,136907,4144.0
2023-06-26,4146.0,4165.0,4120.0,4148.0,69978,137124,4141.0
2023-06-27,4148.0,4168.0,4132.0,4139.0,71231,142183,4149.0
2023-06-28,4142.0,4172.0,4140.0,4163.0,48806,143587,4153.0
2023-06-29,4157.0,4160.0,4105.0,4115.0,99169,147463,4125.0
2023-06-30,4115.0,4150.0,4112.0,4127.0,69001,140420,4129.0
2023-07-03,4140.0,4240.0,4138.0,4220.0,166974,159977,4199.0
2023-07-04,4200.0,4203.0,4177.0,4197.0,77316,157577,4189.0
2023-07-05,4180.0,4265.0,4180.0,4252.0,134332,161886,4236.0
2023-07-06,4246.0,4264.0,4230.0,4256.0,76147,165421,4250.0
2023-07-07,4267.0,4275.0,4235.0,4252.0,70992,160374,4249.0
2023-07-10,4260.0,4280.0,4214.0,4221.0,81785,159647,4236.0
2023-07-11,4230.0,4238.0,4208.0,4222.0,64891,162714,4225.0
2023-07-12,4218.0,4248.0,4152.0,4164.0,157100,166887,4203.0
2023-07-13,4163.0,4167.0,4121.0,4145.0,93576,167251,4148.0
2023-07-14,4149.0,4162.0,4105.0,4112.0,119684,168779,4138.0
2023-07-17,4138.0,4160.0,4123.0,4156.0,106131,167199,4145.0
2023-07-18,4160.0,4190.0,4152.0,4178.0,116689,171083,4173.0
2023-07-19,4185.0,4193.0,4163.0,4169.0,69016,175278,4176.0
2023-07-20,4179.0,4197.0,4156.0,4177.0,86696,171647,4178.0
2023-07-21,4180.0,4266.0,4176.0,4247.0,192168,170925,4230.0
2023-07-24,4297.0,4333.0,4278.0,4328.0,144728,168391,4305.0
2023-07-25,4325.0,4363.0,4305.0,4311.0,136712,167619,4333.0
2023-07-26,4310.0,4324.0,4285.0,4293.0,108494,164478,4305.0
2023-07-27,4289.0,4316.0,4280.0,4302.0,100127,162553,4299.0
2023-07-28,4290.0,4330.0,4285.0,4329.0,123228,153097,4312.0
2023-07-31,4325.0,4342.0,4303.0,4323.0,105025,145979,4325.0
2023-08-01,4321.0,4408.0,4318.0,4383.0,127917,134326,4364.0
2023-08-02,4410.0,4479.0,4410.0,4437.0,155401,125114,4444.0
2023-08-03,4448.0,4451.0,4401.0,4415.0,90189,117343,4427.0
2023-08-04,4415.0,4456.0,4411.0,4431.0,82149,118742,4435.0
2023-08-07,4409.0,4411.0,4290.0,4325.0,131485,99526,4331.0
2023-08-08,4355.0,4369.0,4325.0,4354.0,59010,93179,4343.0
2023-08-09,4363.0,4425.0,4363.0,4421.0,74396,86419,4402.0
2023-08-10,4442.0,4442.0,4346.0,4373.0,71466,79116,4382.0
2023-08-11,4370.0,4372.0,4315.0,4326.0,63187,68949,4343.0
2023-08-14,4336.0,4367.0,4261.0,4278.0,65420,61594,4312.0
2023-08-15,4303.0,4309.0,4280.0,4286.0,32778,54757,4292.0
2023-08-16,4185.0,4193.0,4163.0,4172.0,45175,77950,4176.0
2023-08-17,4182.0,4182.0,4116.0,4138.0,70576,80476,4143.0
2023-08-18,4145.0,4251.0,4143.0,4230.0,112950,84233,4206.0
2023-08-21,4245.0,4272.0,4222.0,4255.0,89833,86285,4248.0
2023-08-22,4248.0,4248.0,4206.0,4218.0,65762,88276,4220.0
2023-08-23,4211.0,4294.0,4122.0,4228.0,107724,90748,4245.0
2023-08-24,4213.0,4233.0,4175.0,4185.0,101188,99464,4199.0
2023-08-25,4196.0,4276.0,4196.0,4240.0,125798,93580,4235.0
2023-08-28,4269.0,4292.0,4236.0,4239.0,86762,90458,4256.0
2023-08-29,4256.0,4368.0,4238.0,4353.0,175411,96545,4307.0
2023-08-30,4347.0,4386.0,4331.0,4354.0,140522,96400,4357.0
2023-08-31,4357.0,4361.0,4323.0,4343.0,88116,83307,4343.0
2023-09-01,4348.0,4386.0,4328.0,4340.0,98479,70411,4353.0
2023-09-04,4394.0,4395.0,4307.0,4361.0,96782,58031,4360.0
2023-09-05,4383.0,4392.0,4343.0,4367.0,57637,50822,4362.0
2023-09-06,4378.0,4418.0,4363.0,4380.0,78193,49253,4390.0
2023-09-07,4380.0,4381.0,4322.0,4370.0,48456,42881,4354.0
2023-09-08,4398.0,4420.0,4375.0,4396.0,80179,96682,4396.0
2023-09-11,4405.0,4431.0,4379.0,4401.0,75510,100442,4404.0
2023-09-12,4401.0,4420.0,4368.0,4415.0,70928,98538,4399.0
2023-09-13,4394.0,4410.0,4350.0,4378.0,91399,97576,4375.0
2023-09-14,4382.0,4399.0,4373.0,4385.0,49813,98341,4384.0
2023-09-15,4390.0,4647.0,4390.0,4647.0,399439,128019,4592.0
2023-09-18,4598.0,4641.0,4559.0,4567.0,153841,114509,4602.0
2023-09-19,4563.0,4584.0,4530.0,4582.0,102372,108948,4558.0
2023-09-20,4600.0,4697.0,4576.0,4638.0,221014,113562,4645.0
2023-09-21,4639.0,4658.0,4603.0,4608.0,94721,111652,4628.0
2023-09-22,4617.0,4666.0,4581.0,4594.0,145139,107341,4624.0
2023-09-25,4563.0,4582.0,4532.0,4545.0,86166,98939,4556.0
2023-09-26,4550.0,4588.0,4517.0,4557.0,103608,86428,4553.0
2023-09-27,4560.0,4594.0,4552.0,4581.0,72403,78071,4571.0
2023-09-28,4599.0,4603.0,4562.0,4587.0,74160,62295,4579.0
2023-10-09,4501.0,4514.0,4341.0,4373.0,99316,44502,4415.0
2023-10-10,4366.0,4378.0,4331.0,4337.0,42298,38516,4353.0
2023-10-11,4360.0,4388.0,4334.0,4365.0,39639,33648,4361.0
2023-10-12,4368.0,4375.0,4302.0,4343.0,38335,28687,4337.0
2023-10-13,4382.0,4384.0,4343.0,4362.0,44594,97542,4359.0
2023-10-16,4362.0,4368.0,4314.0,4326.0,63303,107042,4334.0
2023-10-17,4335.0,4357.0,4308.0,4309.0,51489,109611,4329.0
2023-10-18,4318.0,4344.0,4312.0,4327.0,49291,108930,4326.0
2023-10-19,4328.0,4352.0,4290.0,4333.0,54188,109940,4327.0
2023-10-20,4328.0,4365.0,4305.0,4314.0,64082,106011,4337.0
2023-10-23,4298.0,4325.0,4280.0,4317.0,48550,106630,4307.0
2023-10-24,4320.0,4324.0,4265.0,4279.0,66789,115614,4283.0
2023-10-25,4298.0,4347.0,4291.0,4317.0,67032,113532,4322.0
2023-10-26,4306.0,4315.0,4281.0,4308.0,40412,116541,4299.0
2023-10-27,4300.0,4316.0,4272.0,4311.0,55760,114632,4296.0
2023-10-30,4288.0,4328.0,4234.0,4317.0,76902,120074,4295.0
2023-10-31,4301.0,4355.0,4295.0,4336.0,86375,120970,4329.0
2023-11-01,4345.0,4372.0,4308.0,4314.0,70685,115342,4337.0
2023-11-02,4313.0,4332.0,4303.0,4325.0,44039,117741,4318.0
2023-11-03,4325.0,4363.0,4316.0,4347.0,65021,118543,4344.0
2023-11-06,4340.0,4351.0,4292.0,4348.0,89173,118926,4323.0
2023-11-07,4336.0,4366.0,4310.0,4312.0,86656,118023,4334.0
2023-11-08,4309.0,4329.0,4281.0,4294.0,69689,121543,4301.0
2023-11-09,4298.0,4305.0,4191.0,4199.0,126952,141375,4238.0
2023-11-10,4185.0,4214.0,4165.0,4176.0,79236,138794,4189.0
2023-11-13,4193.0,4223.0,4182.0,4206.0,59065,135478,4203.0
2023-11-14,4225.0,4294.0,4222.0,4292.0,102313,120072,4257.0
2023-11-15,4305.0,4358.0,4302.0,4351.0,103090,116047,4328.0
2023-11-16,4351.0,4402.0,4337.0,4389.0,124910,115448,4376.0
2023-11-17,4377.0,4408.0,4370.0,4386.0,76178,115082,4388.0
2023-11-20,4413.0,4420.0,4366.0,4380.0,70647,114886,4384.0
2023-11-21,4389.0,4397.0,4344.0,4392.0,68406,112257,4374.0
2023-11-22,4394.0,4425.0,4385.0,4393.0,59039,112297,4399.0
2023-11-23,4394.0,4408.0,4355.0,4378.0,70557,110659,4381.0
2023-11-24,4370.0,4373.0,4305.0,4315.0,84918,103027,4343.0
2023-11-27,4331.0,4399.0,4325.0,4389.0,92742,103246,4372.0
2023-11-28,4384.0,4388.0,4329.0,4354.0,69341,93753,4350.0
2023-11-29,4343.0,4343.0,4218.0,4226.0,118711,87099,4254.0
2023-11-30,4220.0,4241.0,4212.0,4225.0,53801,79596,4227.0
2023-12-01,4229.0,4252.0,4201.0,4239.0,65528,75243,4228.0
2023-12-04,4243.0,4243.0,4152.0,4157.0,63531,75753,4195.0
2023-12-05,4140.0,4147.0,4029.0,4062.0,89808,74107,4078.0
2023-12-06,4050.0,4069.0,4025.0,4064.0,44515,71819,4050.0
2023-12-07,4050.0,4074.0,4009.0,4060.0,57157,70500,4040.0
2023-12-08,4080.0,4095.0,4045.0,4085.0,58205,62776,4072.0
2023-12-11,4065.0,4070.0,4012.0,4033.0,54993,61244,4037.0
2023-12-12,4020.0,4075.0,3982.0,4044.0,72773,53905,4026.0
2023-12-13,4030.0,4067.0,4022.0,4048.0,45864,47168,4047.0
2023-12-14,4040.0,4047.0,4001.0,4032.0,30222,42419,4029.0
2023-12-15,3667.0,3693.0,3629.0,3642.0,77806,95929,3664.0
2023-12-18,3610.0,3610.0,3538.0,3561.0,137959,105467,3564.0
2023-12-19,3560.0,3598.0,3560.0,3576.0,79772,103934,3579.0
2023-12-20,3580.0,3604.0,3575.0,3583.0,71587,105931,3589.0
2023-12-21,3599.0,3646.0,3565.0,3622.0,101913,100592,3593.0
2023-12-22,3632.0,3637.0,3602.0,3610.0,82894,101376,3618.0
2023-12-25,3610.0,3676.0,3575.0,3657.0,113935,104485,3641.0
2023-12-26,3657.0,3674.0,3644.0,3654.0,75011,102815,3655.0
2023-12-27,3665.0,3684.0,3656.0,3665.0,71860,93998,3666.0
2023-12-28,3658.0,3683.0,3650.0,3655.0,69579,85809,3663.0
2023-12-29,3655.0,3655.0,3608.0,3641.0,95998,70435,3635.0
2024-01-02,3615.0,3661.0,3586.0,3589.0,79140,74162,3627.0
2024-01-03,3588.0,3598.0,3555.0,3576.0,61728,72213,3570.0
2024-01-04,3573.0,3596.0,3565.0,3582.0,48831,71407,3580.0
2024-01-05,3583.0,3586.0,3505.0,3527.0,77376,66100,3531.0
2024-01-08,3497.0,3497.0,3452.0,3465.0,68319,67631,3469.0
2024-01-09,3465.0,3496.0,3462.0,3478.0,51242,61045,3476.0
2024-01-10,3403.0,3418.0,3342.0,3354.0,90863,95775,3380.0
2024-01-11,3335.0,3392.0,3332.0,3376.0,96828,100719,3357.0
2024-01-12,3360.0,3388.0,3286.0,3345.0,93372,104430,3356.0
2024-01-15,3345.0,3382.0,3345.0,3351.0,75965,110626,3362.0
2024-01-16,3366.0,3382.0,3336.0,3377.0,78569,108830,3357.0
2024-01-17,3380.0,3412.0,3330.0,3339.0,133271,120291,3378.0
2024-01-18,3311.0,3318.0,3268.0,3292.0,149708,132237,3295.0
2024-01-19,3292.0,3309.0,3256.0,3257.0,129498,153649,3283.0
2024-01-22,3250.0,3281.0,3214.0,3221.0,170302,161738,3251.0
2024-01-23,3231.0,3275.0,3216.0,3260.0,162175,156391,3243.0
2024-01-24,3256.0,3281.0,3241.0,3257.0,132704,157736,3261.0
2024-01-25,3265.0,3283.0,3222.0,3230.0,149980,171463,3256.0
2024-01-26,3215.0,3270.0,3182.0,3242.0,160749,160382,3241.0
2024-01-29,3266.0,3304.0,3251.0,3288.0,174717,143742,3283.0
2024-01-30,3288.0,3294.0,3233.0,3238.0,150905,139394,3251.0
2024-01-31,3250.0,3289.0,3250.0,3269.0,124659,126154,3272.0
2024-02-01,3275.0,3337.0,3275.0,3320.0,170353,106265,3316.0
2024-02-02,3320.0,3353.0,3268.0,3275.0,160726,99160,3313.0
2024-02-05,3286.0,3300.0,3243.0,3252.0,99445,97161,3272.0
2024-02-06,3266.0,3287.0,3255.0,3272.0,77429,91224,3268.0
2024-02-07,3275.0,3297.0,3231.0,3248.0,68047,80409,3255.0
2024-02-08,3260.0,3304.0,3257.0,3301.0,63666,64963,3279.0
2024-02-19,3245.0,3260.0,3188.0,3215.0,85283,65609,3220.0
2024-02-20,3210.0,3230.0,3197.0,3209.0,68454,63418,3213.0
2024-02-21,3426.0,3432.0,3393.0,3426.0,91416,115876,3416.0
2024-02-22,3426.0,3463.0,3397.0,3461.0,130683,124050,3422.0
2024-02-23,3459.0,3533.0,3452.0,3520.0,218500,135707,3494.0
2024-02-26,3520.0,3545.0,3481.0,3490.0,189503,142988,3515.0
2024-02-27,3492.0,3520.0,3492.0,3507.0,117251,148074,3508.0
2024-02-28,3507.0,3536.0,3495.0,3528.0,136432,152610,3517.0
2024-02-29,3533.0,3565.0,3501.0,3524.0,203405,156919,3535.0
2024-03-01,3546.0,3574.0,3540.0,3559.0,131177,159118,3554.0
2024-03-04,3560.0,3573.0,3536.0,3559.0,107975,156461,3556.0
2024-03-05,3551.0,3596.0,3551.0,3573.0,127184,153640,3578.0
2024-03-06,3585.0,3604.0,3562.0,3602.0,109933,152078,3583.0
2024-03-07,3610.0,3631.0,3594.0,3596.0,139733,154151,3609.0
2024-03-08,3599.0,3657.0,3585.0,3655.0,159234,145051,3621.0
2024-03-11,3656.0,3656.0,3566.0,3570.0,184504,150729,3600.0
2024-03-12,3570.0,3599.0,3570.0,3587.0,123807,142910,3586.0
2024-03-13,3588.0,3618.0,3546.0,3583.0,164383,135256,3586.0
2024-03-14,3582.0,3582.0,3512.0,3529.0,147382,131905,3535.0
2024-03-15,3520.0,3546.0,3480.0,3523.0,162792,127820,3509.0
2024-03-18,3495.0,3495.0,3436.0,3441.0,172171,135458,3462.0
2024-03-19,3430.0,3456.0,3412.0,3443.0,109333,138161,3443.0
2024-03-20,3429.0,3482.0,3425.0,3475.0,138778,145157,3465.0
2024-03-21,3480.0,3510.0,3471.0,3484.0,129572,144875,3490.0
2024-03-22,3484.0,3498.0,3453.0,3454.0,107317,142552,3474.0
2024-03-25,3410.0,3426.0,3338.0,3342.0,213040,148052,3378.0
2024-03-26,3341.0,3364.0,3327.0,3352.0,135719,141112,3346.0
2024-03-27,3348.0,3379.0,3341.0,3373.0,113791,134617,3362.0
2024-03-28,3390.0,3390.0,3350.0,3366.0,99428,128661,3367.0
2024-03-29,3370.0,3382.0,3286.0,3287.0,179654,123224,3323.0
2024-04-01,3250.0,3271.0,3214.0,3232.0,152412,118877,3239.0
2024-04-02,3233.0,3248.0,3216.0,3222.0,98560,120976,3234.0
2024-04-03,3220.0,3236.0,3188.0,3202.0,142806,115416,3210.0
2024-04-08,3150.0,3187.0,3122.0,3163.0,126333,118309,3158.0
2024-04-09,3165.0,3211.0,3151.0,3203.0,126056,107911,3178.0
2024-04-10,3216.0,3242.0,3180.0,3181.0,112797,102590,3213.0
2024-04-11,3820.0,3858.0,3814.0,3840.0,121533,185981,3840.0
2024-04-12,3836.0,3847.0,3796.0,3813.0,157440,196496,3814.0
2024-04-15,3810.0,3883.0,3803.0,3858.0,195261,205237,3857.0
2024-04-16,3853.0,3868.0,3723.0,3781.0,266467,220224,3827.0
2024-04-17,3766.0,3812.0,3737.0,3788.0,212972,236326,3779.0
2024-04-18,3792.0,3836.0,3765.0,3799.0,243164,247557,3799.0
2024-04-19,3790.0,3833.0,3777.0,3825.0,243273,256437,3809.0
2024-04-22,3850.0,3880.0,3814.0,3824.0,214499,264524,3839.0
2024-04-23,3825.0,3834.0,3772.0,3806.0,202160,273763,3813.0
2024-04-24,3806.0,3845.0,3791.0,3844.0,190210,281178,3823.0
2024-04-25,3851.0,3868.0,3828.0,3836.0,225715,286409,3846.0
2024-04-26,3852.0,4026.0,3841.0,3994.0,785704,311687,3951.0
2024-04-29,4000.0,4044.0,3936.0,3941.0,404259,307505,3978.0
2024-04-30,3934.0,3952.0,3885.0,3889.0,301496,303633,3917.0
2024-05-06,3902.0,3956.0,3892.0,3915.0,265616,325147,3925.0
2024-05-07,3961.0,4090.0,3955.0,4089.0,661088,330545,4022.0
2024-05-08,4090.0,4145.0,4003.0,4015.0,957693,309108,4062.0
2024-05-09,3996.0,4054.0,3985.0,4025.0,356724,316540,4027.0
2024-05-10,4016.0,4061.0,4002.0,4035.0,368045,301241,4031.0
2024-05-13,4115.0,4123.0,4008.0,4013.0,391042,303843,4055.0
2024-05-14,4028.0,4044.0,3931.0,3958.0,322357,295745,4000.0
2024-05-15,3968.0,3994.0,3951.0,3988.0,172332,294332,3977.0
2024-05-16,4010.0,4028.0,3965.0,3986.0,233183,293600,3991.0
2024-05-17,4005.0,4044.0,3995.0,4029.0,266527,282297,4020.0
2024-05-20,4044.0,4064.0,3990.0,4000.0,290767,286492,4033.0
2024-05-21,3988.0,4023.0,3947.0,3970.0,389419,305970,3985.0
2024-05-22,3958.0,4019.0,3956.0,4005.0,249831,302205,3989.0
2024-05-23,4005.0,4025.0,3970.0,4009.0,291233,296527,4000.0
2024-05-24,4014.0,4042.0,3994.0,3996.0,245485,286746,4016.0
2024-05-27,3991.0,4032.0,3966.0,3987.0,257667,296948,4001.0
2024-05-28,3975.0,4018.0,3971.0,3983.0,237067,300860,3992.0
2024-05-29,3958.0,3963.0,3913.0,3945.0,207646,303455,3939.0
2024-05-30,3939.0,3962.0,3921.0,3942.0,173550,315587,3941.0
2024-05-31,3946.0,4006.0,3941.0,3978.0,298719,305571,3977.0
2024-06-03,3968.0,4023.0,3932.0,3991.0,394877,293092,3988.0
2024-06-04,4008.0,4028.0,3974.0,4002.0,281985,284106,4001.0
2024-06-05,4023.0,4055.0,4002.0,4008.0,315202,266998,4027.0
2024-06-06,4015.0,4017.0,3966.0,3992.0,201454,262973,3992.0
2024-06-07,4006.0,4024.0,3964.0,3984.0,210955,257768,3992.0
2024-06-11,4000.0,4035.0,3987.0,4031.0,254131,255788,4010.0
2024-06-12,4044.0,4049.0,3998.0,4005.0,199452,249268,4019.0
2024-06-13,3996.0,3999.0,3968.0,3989.0,187445,246179,3982.0
2024-06-14,3990.0,4008.0,3981.0,3990.0,139783,241460,3993.0
2024-06-17,3975.0,3977.0,3861.0,3874.0,327105,239294,3918.0
2024-06-18,3855.0,3877.0,3842.0,3875.0,170482,233966,3860.0
2024-06-19,3881.0,3885.0,3856.0,3871.0,104547,228640,3869.0
2024-06-20,3878.0,3889.0,3853.0,3865.0,113419,229285,3869.0
2024-06-21,3867.0,3898.0,3855.0,3893.0,127014,220493,3874.0
2024-06-24,3910.0,3955.0,3892.0,3953.0,229596,210621,3923.0
2024-06-25,3943.0,3954.0,3934.0,3944.0,104693,207670,3942.0
2024-06-26,3955.0,3999.0,3946.0,3990.0,195138,199049,3975.0
2024-06-27,4000.0,4042.0,3993.0,4033.0,197022,198211,4022.0
2024-06-28,4037.0,4043.0,4012.0,4027.0,131680,193529,4022.0
2024-07-01,4035.0,4091.0,4034.0,4088.0,205516,199025,4062.0
2024-07-02,4100.0,4100.0,4055.0,4068.0,153949,188915,4073.0
2024-07-03,4073.0,4090.0,4055.0,4082.0,122410,191617,4075.0
2024-07-04,4090.0,4139.0,4083.0,4087.0,231002,191403,4107.0
2024-07-05,4096.0,4130.0,4070.0,4100.0,183800,192629,4102.0
2024-07-08,4126.0,4149.0,4042.0,4071.0,237767,190805,4088.0
2024-07-09,4061.0,4107.0,4035.0,4093.0,213420,186464,4075.0
2024-07-10,4090.0,4092.0,4021.0,4062.0,241161,178656,4056.0
2024-07-11,4074.0,4082.0,4006.0,4018.0,207689,175227,4044.0
2024-07-12,4020.0,4030.0,3956.0,3969.0,267882,176927,3991.0
2024-07-15,3960.0,4048.0,3955.0,4038.0,237075,169004,4012.0
2024-07-16,4041.0,4045.0,3967.0,3973.0,203777,177905,4002.0
2024-07-17,3986.0,4017.0,3963.0,3976.0,157292,177658,3985.0
2024-07-18,3955.0,3964.0,3923.0,3958.0,148548,176682,3943.0
2024-07-19,3949.0,3974.0,3936.0,3967.0,141572,178310,3954.0
2024-07-22,3965.0,3990.0,3956.0,3971.0,112753,181723,3976.0
2024-07-23,3957.0,3968.0,3909.0,3916.0,167633,188343,3935.0
2024-07-24,3900.0,3932.0,3900.0,3912.0,122238,185730,3915.0
2024-07-25,3899.0,3932.0,3868.0,3928.0,191480,178383,3905.0
2024-07-26,3928.0,3947.0,3910.0,3924.0,116689,178548,3927.0
2024-07-29,3930.0,3942.0,3902.0,3922.0,128242,177356,3924.0
2024-07-30,3928.0,3935.0,3894.0,3916.0,121602,179699,3913.0
2024-07-31,3925.0,3966.0,3923.0,3951.0,156104,174269,3943.0
2024-08-01,3970.0,3986.0,3951.0,3983.0,108087,165693,3968.0
2024-08-02,3995.0,4052.0,3983.0,4049.0,176751,153328,4019.0
2024-08-05,4075.0,4075.0,4017.0,4023.0,111792,152071,4032.0
2024-08-06,4026.0,4030.0,3980.0,4001.0,113042,150595,4002.0
2024-08-07,4021.0,4045.0,4002.0,4038.0,110212,145841,4026.0
2024-08-08,4048.0,4058.0,3994.0,4006.0,138155,142243,4023.0
2024-08-09,3999.0,4005.0,3936.0,3946.0,170561,135108,3969.0
2024-08-12,3922.0,3960.0,3922.0,3956.0,82202,128414,3944.0
2024-08-13,3951.0,3955.0,3850.0,3868.0,145194,110293,3896.0
2024-08-14,3866.0,3915.0,3853.0,3904.0,92710,100197,3886.0
2024-08-15,3928.0,4014.0,3915.0,4013.0,154963,92072,3972.0
2024-08-16,4012.0,4013.0,3921.0,3930.0,119385,86392,3958.0
2024-08-19,3930.0,3980.0,3925.0,3941.0,82305,85307,3949.0
2024-08-20,3940.0,3980.0,3936.0,3963.0,67441,74585,3958.0
2024-08-21,3982.0,4000.0,3956.0,3994.0,51914,64414,3977.0
2024-08-22,3618.0,3628.0,3568.0,3598.0,79186,84963,3595.0
2024-08-23,3589.0,3650.0,3572.0,3599.0,128437,89261,3619.0
2024-08-26,3580.0,3658.0,3555.0,3654.0,162454,94438,3596.0
2024-08-27,3648.0,3665.0,3631.0,3646.0,96345,92773,3649.0
2024-08-28,3648.0,3686.0,3632.0,3642.0,106577,88408,3658.0
2024-08-29,3649.0,3653.0,3608.0,3616.0,87202,85834,3628.0
2024-08-30,3618.0,3647.0,3610.0,3640.0,96079,72487,3629.0
2024-09-02,3648.0,3695.0,3648.0,3664.0,127399,71957,3674.0
2024-09-03,3670.0,3694.0,3643.0,3692.0,100239,68165,3673.0
2024-09-04,3677.0,3687.0,3631.0,3664.0,101206,63913,3662.0
2024-09-05,3668.0,3703.0,3661.0,3668.0,75204,60267,3679.0
2024-09-06,3690.0,3747.0,3676.0,3729.0,119211,58544,3712.0
2024-09-09,3736.0,3737.0,3687.0,3699.0,86759,53896,3707.0
2024-09-10,3477.0,3572.0,3477.0,3510.0,153970,105167,3530.0
2024-09-11,3515.0,3524.0,3477.0,3517.0,100679,106929,3498.0
2024-09-12,3517.0,3560.0,3497.0,3532.0,114282,111854,3526.0
2024-09-13,3535.0,3570.0,3526.0,3556.0,93147,113033,3543.0
2024-09-18,3550.0,3567.0,3521.0,3550.0,98034,115843,3546.0
2024-09-19,3554.0,3587.0,3544.0,3578.0,92961,119427,3566.0
2024-09-20,3574.0,3649.0,3555.0,3638.0,167643,128742,3611.0
2024-09-23,3628.0,3644.0,3524.0,3539.0,232351,132704,3573.0
2024-09-24,3544.0,3561.0,3503.0,3552.0,179851,129578,3537.0
2024-09-25,3568.0,3614.0,3513.0,3531.0,192798,141066,0.0
2024-09-26,3525.0,3540.0,3481.0,3500.0,180197,137219,3509.0
2024-09-27,3507.0,3530.0,3497.0,3510.0,112946,129964,3514.0
2024-09-30,3532.0,3571.0,3506.0,3542.0,157428,120558,3540.0
2024-10-08,3530.0,3558.0,3457.0,3466.0,191067,130036,3503.0
2024-10-09,3462.0,3488.0,3445.0,3469.0,113915,137625,3471.0
2024-10-10,3485.0,3512.0,3473.0,3484.0,101605,136801,3490.0
2024-10-11,3475.0,3495.0,3434.0,3447.0,124221,144702,3458.0
2024-10-14,3455.0,3495.0,3448.0,3482.0,108834,143345,3470.0
2024-10-15,3475.0,3510.0,3468.0,3496.0,102602,145911,3487.0
2024-10-16,3496.0,3572.0,3493.0,3549.0,190962,143844,3546.0
2024-10-17,3558.0,3566.0,3482.0,3484.0,149972,132833,3524.0
2024-10-18,3493.0,3576.0,3488.0,3560.0,181342,137626,3535.0
2024-10-21,3593.0,3596.0,3545.0,3572.0,130316,142080,3569.0
2024-10-22,3570.0,3585.0,3548.0,3556.0,89776,141674,3564.0
2024-10-23,3560.0,3595.0,3556.0,3593.0,116072,143653,3578.0
2024-10-24,3580.0,3590.0,3532.0,3550.0,120098,139859,3565.0
2024-10-25,3555.0,3562.0,3538.0,3558.0,80285,137759,3548.0
2024-10-28,3559.0,3566.0,3503.0,3531.0,133688,127873,3531.0
2024-10-29,3531.0,3531.0,3486.0,3494.0,103158,132922,3501.0
2024-10-30,3495.0,3523.0,3482.0,3510.0,130083,136890,3503.0
2024-10-31,3515.0,3522.0,3496.0,3505.0,66877,134602,3509.0
2024-11-01,3500.0,3530.0,3489.0,3509.0,89430,135181,3507.0
2024-11-04,3524.0,3646.0,3523.0,3594.0,380784,152849,3602.0
2024-11-05,3594.0,3616.0,3584.0,3599.0,119864,150647,3600.0
2024-11-06,3605.0,3625.0,3562.0,3566.0,120042,138163,3595.0
2024-11-07,3585.0,3634.0,3585.0,3620.0,129426,139915,3612.0
2024-11-08,3649.0,3688.0,3631.0,3674.0,177132,145890,3660.0
2024-11-11,3636.0,3654.0,3597.0,3644.0,121664,142254,3626.0
2024-11-12,3631.0,3648.0,3604.0,3619.0,93881,139267,3622.0
2024-11-13,3628.0,3638.0,3610.0,3619.0,69699,137174,3624.0
2024-11-14,3626.0,3626.0,3563.0,3580.0,108206,124579,3586.0
2024-11-15,3580.0,3582.0,3536.0,3546.0,86919,117284,3550.0
2024-11-18,3537.0,3543.0,3511.0,3523.0,67724,119096,3521.0
2024-11-19,3525.0,3539.0,3518.0,3534.0,61359,121024,3528.0
2024-11-20,3519.0,3527.0,3500.0,3523.0,71392,124624,3513.0
2024-11-21,3530.0,3552.0,3516.0,3546.0,79349,126472,3537.0
2024-11-22,3535.0,3544.0,3510.0,3519.0,72714,126820,3523.0
2024-11-25,3523.0,3578.0,3523.0,3561.0,125370,123126,3556.0
2024-11-26,3572.0,3600.0,3572.0,3590.0,87750,116834,3589.0
2024-11-27,3602.0,3608.0,3576.0,3594.0,63410,115021,3592.0
2024-11-28,3597.0,3598.0,3537.0,3558.0,95658,106465,3564.0
2024-11-29,3565.0,3632.0,3565.0,3630.0,127615,107619,3602.0
2024-12-02,3638.0,3668.0,3617.0,3625.0,112175,108841,3638.0
2024-12-03,3620.0,3636.0,3594.0,3627.0,75975,107737,3617.0
2024-12-04,3638.0,3646.0,3600.0,3625.0,76163,106285,3623.0
2024-12-05,3620.0,3620.0,3563.0,3591.0,97229,96094,3583.0
2024-12-06,3576.0,3591.0,3560.0,3570.0,53183,91455,3576.0
2024-12-09,3588.0,3716.0,3585.0,3713.0,169845,103238,3654.0
2024-12-10,3720.0,3745.0,3665.0,3686.0,142017,95484,3701.0
2024-12-11,3686.0,3723.0,3675.0,3710.0,82623,88623,3700.0
2024-12-12,3695.0,3695.0,3660.0,3681.0,79242,75961,3678.0
2024-12-13,3666.0,3697.0,3644.0,3665.0,69452,67990,3670.0
2024-12-16,3650.0,3682.0,3630.0,3670.0,59466,64074,3665.0
2024-12-17,3480.0,3498.0,3462.0,3471.0,76441,103985,3478.0
2024-12-18,3460.0,3460.0,3411.0,3425.0,91086,102043,3427.0
2024-12-19,3443.0,3448.0,3403.0,3420.0,75328,101739,3425.0
2024-12-20,3420.0,3475.0,3415.0,3465.0,90550,108264,3447.0
2024-12-23,3443.0,3460.0,3425.0,3443.0,91817,105700,3442.0
2024-12-24,3443.0,3450.0,3426.0,3429.0,63168,103322,3437.0
2024-12-25,3416.0,3498.0,3416.0,3458.0,136986,105380,3459.0
2024-12-26,3460.0,3472.0,3440.0,3449.0,74871,106500,3456.0
2024-12-27,3466.0,3480.0,3453.0,3463.0,77149,100496,3467.0
2024-12-30,3450.0,3456.0,3365.0,3375.0,156359,94541,3396.0
2024-12-31,3370.0,3385.0,3361.0,3380.0,77864,82844,3374.0
2025-01-02,3368.0,3391.0,3358.0,3376.0,66177,79236,3377.0
2025-01-03,3364.0,3364.0,3273.0,3287.0,125311,72942,3307.0
2025-01-06,3257.0,3285.0,3244.0,3270.0,67478,73620,3267.0
2025-01-07,3270.0,3285.0,3249.0,3273.0,64579,69368,3267.0
2025-01-08,3204.0,3212.0,3171.0,3208.0,49223,88637,3191.0
2025-01-09,3214.0,3234.0,3188.0,3205.0,49778,94610,3210.0
2025-01-10,3209.0,3217.0,3193.0,3205.0,31075,100198,3205.0
2025-01-13,3207.0,3244.0,3204.0,3228.0,51577,103052,3223.0
2025-01-14,3228.0,3243.0,3215.0,3229.0,49030,106905,3228.0
2025-01-15,3230.0,3257.0,3214.0,3241.0,56417,106003,3235.0
2025-01-16,3248.0,3252.0,3209.0,3229.0,74693,115795,3224.0
2025-01-17,3233.0,3317.0,3223.0,3265.0,172538,108610,3283.0
2025-01-20,3250.0,3292.0,3250.0,3276.0,85803,113783,3275.0
2025-01-21,3274.0,3297.0,3267.0,3279.0,65293,111199,3281.0
2025-01-22,3288.0,3299.0,3256.0,3264.0,77800,113082,3274.0
2025-01-23,3255.0,3276.0,3245.0,3258.0,68410,110302,3259.0
2025-01-24,3262.0,3313.0,3261.0,3284.0,88860,100788,3287.0
2025-01-27,3310.0,3339.0,3292.0,3318.0,73714,95690,3319.0
2025-02-05,3294.0,3344.0,3287.0,3315.0,75492,103374,3316.0
2025-02-06,3305.0,3311.0,3232.0,3249.0,139763,116445,3254.0
2025-02-07,3251.0,3276.0,3246.0,3266.0,76154,113007,3262.0
2025-02-10,3270.0,3320.0,3270.0,3294.0,93087,111624,3296.0
2025-02-11,3296.0,3315.0,3275.0,3292.0,60516,114297,3292.0
2025-02-12,3290.0,3300.0,3267.0,3280.0,65736,118828,3281.0
2025-02-13,3280.0,3310.0,3275.0,3308.0,90961,123315,3294.0
2025-02-14,3310.0,3330.0,3300.0,3308.0,81355,127291,3315.0
2025-02-17,3275.0,3275.0,3192.0,3204.0,235489,156447,3220.0
2025-02-18,3196.0,3204.0,3185.0,3197.0,115378,166899,3194.0
2025-02-19,3210.0,3220.0,3197.0,3197.0,80151,161721,3207.0
2025-02-20,3208.0,3224.0,3200.0,3213.0,67884,158570,3212.0
2025-02-21,3223.0,3238.0,3196.0,3196.0,99124,161347,3219.0
2025-02-24,3211.0,3244.0,3192.0,3226.0,132027,154178,3218.0
2025-02-25,3229.0,3232.0,3213.0,3220.0,61096,151831,3221.0
2025-02-26,3229.0,3240.0,3201.0,3223.0,81194,155014,3217.0
2025-02-27,3227.0,3227.0,3211.0,3217.0,57573,156145,3218.0
2025-02-28,3214.0,3230.0,3197.0,3220.0,89216,152931,3214.0
2025-03-03,3220.0,3277.0,3220.0,3269.0,141852,149365,3253.0
2025-03-04,3262.0,3266.0,3245.0,3258.0,73246,148983,3255.0
2025-03-05,3245.0,3245.0,3207.0,3219.0,105292,143567,3222.0
2025-03-06,3217.0,3226.0,3204.0,3212.0,65110,141489,3214.0
2025-03-07,3210.0,3225.0,3155.0,3158.0,203288,163659,3175.0
2025-03-10,3174.0,3190.0,3133.0,3143.0,154665,174507,3161.0
2025-03-11,3126.0,3147.0,3125.0,3138.0,71087,173089,3139.0
2025-03-12,3133.0,3137.0,3103.0,3107.0,97219,175877,3114.0
2025-03-13,3110.0,3110.0,3056.0,3057.0,146606,190376,3081.0
2025-03-14,3054.0,3062.0,3035.0,3057.0,143288,190681,3048.0
2025-03-17,3060.0,3074.0,3025.0,3031.0,130430,192525,3049.0
2025-03-18,3040.0,3049.0,3018.0,3032.0,103252,195289,3033.0
2025-03-19,3037.0,3046.0,3006.0,3014.0,113254,198446,3029.0
2025-03-20,3010.0,3038.0,2978.0,3035.0,183579,186969,3015.0
2025-03-21,3037.0,3060.0,3022.0,3042.0,142716,182302,3039.0
2025-03-24,3010.0,3033.0,2992.0,3024.0,118222,189876,3020.0
2025-03-25,3020.0,3043.0,3012.0,3014.0,118726,196384,3026.0
2025-03-26,3006.0,3024.0,2991.0,3017.0,78900,195450,3014.0
2025-03-27,3020.0,3068.0,2998.0,3054.0,217199,182597,3031.0
2025-03-28,3053.0,3058.0,3010.0,3018.0,149677,178439,3029.0
2025-03-31,2990.0,2995.0,2955.0,2962.0,158992,173924,2973.0
2025-04-01,2960.0,2982.0,2955.0,2962.0,91626,165219,2968.0
2025-04-02,2973.0,2986.0,2965.0,2976.0,77843,155278,2973.0
2025-04-03,2980.0,2993.0,2936.0,2941.0,106764,155255,2961.0
2025-04-07,2887.0,2933.0,2872.0,2886.0,80202,147428,2892.0
2025-04-08,2916.0,2989.0,2891.0,2982.0,130473,132219,2937.0
2025-04-09,2970.0,3010.0,2954.0,2976.0,91573,135140,2976.0
2025-04-10,2965.0,2965.0,2923.0,2950.0,82152,141383,2945.0
2025-04-11,2950.0,3005.0,2950.0,2993.0,91633,140241,2980.0
2025-04-14,3020.0,3043.0,2989.0,2998.0,98415,148362,3013.0
2025-04-15,3005.0,3014.0,2963.0,2995.0,92461,154057,2992.0
2025-04-16,3006.0,3086.0,3006.0,3078.0,286292,168307,3062.0
2025-04-17,3077.0,3094.0,3052.0,3069.0,216048,171392,3071.0
2025-04-18,3068.0,3080.0,3049.0,3078.0,157677,172619,3064.0
2025-04-21,3072.0,3085.0,3030.0,3047.0,201264,177689,3052.0
2025-04-22,3038.0,3042.0,3019.0,3028.0,137058,179591,3030.0
2025-04-23,3008.0,3043.0,3003.0,3026.0,129556,179267,3026.0
2025-04-24,3022.0,3032.0,2980.0,2984.0,188808,177653,3001.0
2025-04-25,2980.0,3018.0,2980.0,3012.0,144043,169084,3003.0
2025-04-28,2991.0,3007.0,2968.0,2981.0,126617,158116,2988.0
2025-04-29,2981.0,3000.0,2965.0,2989.0,131914,141311,2986.0
2025-04-30,2983.0,2994.0,2933.0,2942.0,155696,118678,2952.0
2025-05-06,2915.0,2924.0,2880.0,2884.0,110559,119831,2899.0
2025-05-07,2887.0,2902.0,2884.0,2890.0,75935,123581,2892.0
2025-05-08,2889.0,2905.0,2875.0,2897.0,103655,117661,2893.0
2025-05-09,3025.0,3047.0,3022.0,3034.0,31977,129001,3035.0
2025-05-12,3045.0,3055.0,3017.0,3052.0,56539,132634,3036.0
2025-05-13,3055.0,3055.0,3018.0,3021.0,47242,141111,3034.0
2025-05-14,3019.0,3033.0,3007.0,3028.0,53380,148922,3019.0
2025-05-15,3023.0,3029.0,2997.0,3000.0,68523,159597,3013.0
2025-05-16,3000.0,3002.0,2974.0,2981.0,63248,163786,2984.0
2025-05-19,2964.0,2965.0,2932.0,2938.0,82927,168514,2945.0
2025-05-20,2931.0,2978.0,2931.0,2964.0,123214,171900,2953.0
2025-05-21,2959.0,2967.0,2940.0,2959.0,94376,174012,2954.0
2025-05-22,2948.0,2967.0,2942.0,2957.0,95724,173191,2955.0
2025-05-23,2955.0,2990.0,2955.0,2966.0,138495,169289,2973.0
2025-05-26,2975.0,2994.0,2936.0,2943.0,176172,175633,2965.0
2025-05-27,2940.0,2948.0,2877.0,2885.0,206151,182190,2899.0
2025-05-28,2885.0,2908.0,2869.0,2882.0,138100,173233,2887.0
2025-05-29,2885.0,2949.0,2875.0,2916.0,206324,157158,2914.0
2025-05-30,2917.0,2945.0,2917.0,2938.0,151644,130180,2931.0
2025-06-03,3601.0,3615.0,3557.0,3573.0,89788,172766,3582.0
2025-06-04,3573.0,3595.0,3546.0,3578.0,90424,178752,3569.0
2025-06-05,3570.0,3585.0,3561.0,3571.0,49273,181523,3571.0
2025-06-06,3577.0,3587.0,3546.0,3553.0,75025,187355,3563.0
2025-06-09,3545.0,3545.0,3485.0,3515.0,129143,195092,3510.0
2025-06-10,3503.0,3531.0,3490.0,3513.0,96384,201023,3510.0
2025-06-11,3502.0,3520.0,3496.0,3515.0,80653,210027,3508.0
2025-06-12,3510.0,3510.0,3458.0,3489.0,179665,224364,3481.0
2025-06-13,3497.0,3564.0,3497.0,3556.0,222608,228245,3533.0
2025-06-16,3569.0,3611.0,3554.0,3582.0,232646,239850,3582.0
2025-06-17,3570.0,3574.0,3538.0,3545.0,171106,235228,3553.0
2025-06-18,3545.0,3640.0,3541.0,3619.0,272056,243256,3593.0
2025-06-19,3612.0,3624.0,3593.0,3618.0,183390,240827,3607.0
2025-06-20,3608.0,3645.0,3607.0,3618.0,180634,233645,3622.0
2025-06-23,3593.0,3600.0,3557.0,3569.0,189517,236982,3579.0
2025-06-24,3543.0,3570.0,3530.0,3551.0,131572,236582,3555.0
2025-06-25,3553.0,3583.0,3546.0,3561.0,158948,237234,3565.0
2025-06-26,3550.0,3571.0,3542.0,3550.0,141763,234921,3555.0
2025-06-27,3544.0,3566.0,3523.0,3543.0,177415,227637,3542.0
2025-06-30,3520.0,3568.0,3505.0,3566.0,238375,203029,3539.0
2025-07-01,3566.0,3585.0,3555.0,3568.0,161934,194634,3568.0
2025-07-02,3561.0,3590.0,3531.0,3544.0,179764,186208,3561.0
2025-07-03,3547.0,3577.0,3543.0,3565.0,125885,184136,3558.0
2025-07-04,3577.0,3600.0,3566.0,3582.0,160262,180656,3583.0
2025-07-07,3636.0,3663.0,3563.0,3566.0,240046,205846,3609.0
2025-07-08,3566.0,3598.0,3556.0,3579.0,125959,203731,3577.0
2025-07-09,3580.0,3599.0,3570.0,3596.0,110379,206169,3585.0
2025-07-10,3600.0,3608.0,3537.0,3578.0,189570,225623,3572.0
2025-07-11,3580.0,3597.0,3570.0,3580.0,114886,230636,3582.0
2025-07-14,3582.0,3622.0,3572.0,3602.0,132868,234615,3597.0
2025-07-15,3603.0,3621.0,3600.0,3615.0,124135,238587,3611.0
2025-07-16,3616.0,3627.0,3585.0,3591.0,145804,246102,3605.0
2025-07-17,3600.0,3612.0,3581.0,3595.0,125141,242019,3594.0
2025-07-18,3608.0,3645.0,3589.0,3595.0,340339,257912,3613.0
2025-07-21,3618.0,3640.0,3607.0,3636.0,206535,244865,3624.0
2025-07-22,3635.0,3645.0,3610.0,3621.0,187171,252239,3624.0
2025-07-23,3628.0,3691.0,3616.0,3637.0,268634,247828,3646.0
2025-07-24,3635.0,3645.0,3619.0,3636.0,134804,239016,3634.0
2025-07-25,3639.0,3643.0,3622.0,3628.0,120682,239719,3630.0
2025-07-28,3598.0,3630.0,3559.0,3576.0,295409,251316,3587.0
2025-07-29,3560.0,3579.0,3560.0,3576.0,111565,250165,3570.0
2025-07-30,3578.0,3590.0,3566.0,3570.0,121676,249694,3574.0
2025-07-31,3564.0,3565.0,3511.0,3522.0,219432,236158,3529.0
2025-08-01,3524.0,3530.0,3478.0,3484.0,146141,226040,3501.0
2025-08-04,3450.0,3450.0,3354.0,3360.0,308439,231979,3394.0
2025-08-05,3359.0,3372.0,3323.0,3330.0,253161,227835,3345.0
2025-08-06,3315.0,3383.0,3306.0,3378.0,231573,208515,3352.0
2025-08-07,3379.0,3400.0,3355.0,3391.0,188795,202802,3376.0
2025-08-08,3393.0,3393.0,3357.0,3362.0,153259,203664,3373.0
2025-08-11,3247.0,3247.0,3182.0,3184.0,197558,253787,3212.0
2025-08-12,3181.0,3213.0,3175.0,3197.0,161676,264361,3197.0
2025-08-13,3206.0,3217.0,3182.0,3185.0,160014,285312,3200.0
2025-08-14,3178.0,3199.0,3146.0,3189.0,325909,310634,3177.0
2025-08-15,3195.0,3214.0,3179.0,3182.0,235965,315692,3193.0
2025-08-18,3170.0,3170.0,3107.0,3113.0,433510,381734,3134.0
2025-08-19,3098.0,3104.0,3063.0,3065.0,417616,411040,3083.0
2025-08-20,3050.0,3109.0,3045.0,3072.0,512726,408484,3078.0
2025-08-21,3070.0,3072.0,3010.0,3010.0,582007,452910,3035.0
2025-08-22,3001.0,3048.0,2996.0,3033.0,526351,434281,3026.0
2025-08-25,3035.0,3059.0,3015.0,3021.0,407836,462532,3031.0
2025-08-26,3015.0,3030.0,2992.0,3013.0,421754,471034,3011.0
2025-08-27,3000.0,3023.0,2973.0,2975.0,554418,515876,2997.0
2025-08-28,2970.0,2985.0,2927.0,2930.0,542102,528944,2951.0
2025-08-29,2929.0,2953.0,2919.0,2939.0,485328,493762,2935.0
2025-09-01,2958.0,2976.0,2920.0,2921.0,596062,484410,2948.0
2025-09-02,2924.0,2963.0,2907.0,2959.0,507088,441830,2934.0
2025-09-03,2970.0,3014.0,2945.0,3011.0,703100,379325,2979.0
2025-09-04,3019.0,3046.0,2986.0,3021.0,753889,359868,3016.0
2025-09-05,3020.0,3026.0,2961.0,2964.0,513180,349551,2993.0
2025-09-08,3000.0,3022.0,2986.0,3002.0,417152,336196,3004.0
2025-09-09,3022.0,3100.0,3013.0,3083.0,438075,341989,3066.0
2025-09-10,3077.0,3078.0,3018.0,3020.0,335740,400297,3040.0
2025-09-11,3021.0,3063.0,3014.0,3044.0,446708,406138,3039.0
2025-09-12,3044.0,3062.0,3034.0,3040.0,399077,409313,3048.0
2025-09-15,3091.0,3197.0,3079.0,3143.0,1122666,374911,3140.0
2025-09-16,3150.0,3160.0,3108.0,3113.0,553766,415102,3132.0
2025-09-17,3098.0,3126.0,3085.0,3116.0,413472,437712,3110.0
2025-09-18,3110.0,3144.0,3104.0,3132.0,509818,403808,3119.0
2025-09-19,3130.0,3148.0,3106.0,3112.0,389049,398055,3122.0
2025-09-22,3124.0,3130.0,3065.0,3075.0,422949,393121,3096.0
2025-09-23,3069.0,3088.0,3046.0,3065.0,333124,371084,3070.0
2025-09-24,3065.0,3080.0,3037.0,3056.0,337413,362521,3057.0
2025-09-25,3055.0,3091.0,3051.0,3076.0,234272,346279,3073.0
2025-09-26,3068.0,3071.0,3035.0,3036.0,284414,315276,3051.0
2025-09-29,3029.0,3046.0,3008.0,3016.0,246222,284006,3028.0
2025-09-30,3006.0,3038.0,3001.0,3038.0,210194,239434,3018.0
2025-10-09,2890.0,2925.0,2840.0,2871.0,356173,221965,2871.0
2025-10-10,2870.0,2872.0,2805.0,2806.0,324190,244252,2836.0
2025-10-13,2780.0,2823.0,2771.0,2808.0,243294,234377,2804.0
2025-10-14,2830.0,2865.0,2827.0,2852.0,310934,201629,2847.0
2025-10-15,2870.0,2885.0,2834.0,2855.0,178121,190428,2848.0
2025-10-16,3013.0,3026.0,2974.0,2977.0,117937,210547,2990.0
2025-10-17,2972.0,2989.0,2947.0,2959.0,133251,218645,2965.0
2025-10-20,2900.0,2945.0,2880.0,2920.0,260615,230759,2916.0
2025-10-21,2920.0,2953.0,2906.0,2946.0,239205,248893,2931.0
2025-10-22,2962.0,2963.0,2923.0,2925.0,174043,258830,2932.0
2025-10-23,2925.0,3039.0,2925.0,3027.0,470734,247685,2989.0
2025-10-24,3027.0,3092.0,2999.0,3086.0,531207,234230,3047.0
2025-10-27,3100.0,3145.0,3085.0,3134.0,560549,240449,3112.0
2025-10-28,3122.0,3125.0,3078.0,3099.0,356223,226816,3101.0
2025-10-29,3085.0,3184.0,3085.0,3165.0,676357,217139,3153.0
2025-10-30,3153.0,3175.0,3140.0,3157.0,315481,201570,3155.0
2025-10-31,3164.0,3169.0,3121.0,3146.0,336280,176581,3144.0
2025-11-03,3120.0,3179.0,3103.0,3158.0,296727,177002,3149.0
2025-11-04,3157.0,3189.0,3132.0,3144.0,248353,166976,3156.0
2025-11-05,3157.0,3226.0,3156.0,3217.0,457002,174863,3198.0
2025-11-06,3215.0,3240.0,3200.0,3227.0,329917,166597,3222.0
2025-11-07,3369.0,3392.0,3338.0,3391.0,140053,180370,3365.0
2025-11-10,3378.0,3395.0,3362.0,3383.0,130490,186333,3377.0
2025-11-11,3368.0,3420.0,3366.0,3373.0,163416,189793,3387.0
2025-11-12,3368.0,3373.0,3305.0,3322.0,209717,211197,3327.0
2025-11-13,3315.0,3342.0,3252.0,3265.0,224308,214568,3292.0
2025-11-14,3270.0,3278.0,3226.0,3235.0,183057,208963,3251.0
2025-11-17,3210.0,3231.0,3190.0,3229.0,201850,219756,3213.0
2025-11-18,3222.0,3233.0,3164.0,3185.0,208846,214974,3197.0
2025-11-19,3180.0,3194.0,3157.0,3180.0,151302,208381,3176.0
2025-11-20,3175.0,3248.0,3154.0,3238.0,338780,210499,3208.0
2025-11-21,3235.0,3244.0,3172.0,3184.0,304221,217887,3200.0
2025-11-24,3185.0,3232.0,3181.0,3210.0,255048,212297,3211.0
2025-11-25,3220.0,3242.0,3193.0,3202.0,248526,208030,3218.0
2025-11-26,3201.0,3239.0,3183.0,3225.0,213218,200890,3215.0
2025-11-27,3226.0,3302.0,3226.0,3282.0,356808,182842,3269.0
2025-11-28,3282.0,3300.0,3267.0,3293.0,185804,170648,3282.0
2025-12-01,3294.0,3310.0,3201.0,3201.0,298132,170082,3238.0
2025-12-02,3200.0,3258.0,3189.0,3202.0,286172,160871,3215.0
2025-12-03,3195.0,3200.0,3134.0,3138.0,249638,168548,3159.0
2025-12-04,3130.0,3142.0,3102.0,3138.0,242364,160465,3126.0
2025-12-05,3130.0,3147.0,3114.0,3117.0,167509,160624,3127.0
2025-12-08,3152.0,3174.0,3127.0,3153.0,219883,146486,3152.0
2025-12-09,3037.0,3046.0,2973.0,2976.0,91954,155170,3007.0
2025-12-10,2970.0,2999.0,2964.0,2980.0,94228,158973,2981.0
2025-12-11,2980.0,2994.0,2959.0,2968.0,75099,154079,2977.0
2025-12-12,2960.0,2963.0,2908.0,2921.0,114731,158639,2927.0
2025-12-15,2910.0,2959.0,2909.0,2942.0,98359,158750,2935.0
2025-12-16,2941.0,2947.0,2928.0,2928.0,76093,165949,2936.0
2025-12-17,2932.0,2944.0,2915.0,2927.0,78855,167391,2930.0
2025-12-18,2921.0,2936.0,2902.0,2916.0,150769,179290,2916.0
2025-12-19,2908.0,2929.0,2884.0,2886.0,152215,187689,2902.0
2025-12-22,2888.0,2918.0,2884.0,2888.0,141072,186319,2897.0
2025-12-23,2885.0,2894.0,2873.0,2876.0,113934,190357,2881.0
2025-12-24,2878.0,2950.0,2878.0,2947.0,180956,169411,2912.0
2025-12-25,2975.0,2996.0,2954.0,2975.0,126403,184027,2974.0
2025-12-26,2970.0,2993.0,2961.0,2988.0,88408,190633,2973.0
2025-12-29,2981.0,2982.0,2964.0,2971.0,97897,197703,2972.0
2025-12-30,2973.0,2973.0,2941.0,2962.0,115703,208380,2955.0
2025-12-31,2955.0,2961.0,2940.0,2951.0,101265,211240,2950.0
2026-01-05,2973.0,3021.0,2970.0,2992.0,224323,219525,2999.0
2026-01-06,2988.0,3015.0,2981.0,3000.0,156390,231586,2999.0
2026-01-07,3000.0,3026.0,2992.0,3011.0,211232,244170,3006.0
2026-01-08,3020.0,3050.0,3003.0,3009.0,233283,244454,3026.0
2026-01-09,3010.0,3056.0,3007.0,3040.0,191275,250854,3030.0
2026-01-12,3054.0,3060.0,3013.0,3020.0,183867,270221,3030.0
2026-01-13,3029.0,3053.0,2987.0,2990.0,277375,272149,3024.0
2026-01-14,2995.0,3018.0,2983.0,3007.0,219529,264783,2999.0
2026-01-15,3015.0,3088.0,3015.0,3066.0,487230,260145,3060.0
2026-01-16,3066.0,3074.0,3052.0,3072.0,201789,263198,3064.0
2026-01-19,3050.0,3053.0,3015.0,3023.0,269317,265011,3031.0
2026-01-20,3026.0,3042.0,3020.0,3027.0,186608,267269,3029.0
2026-01-21,3045.0,3058.0,3032.0,3035.0,209760,269989,3043.0
2026-01-22,3042.0,3097.0,3032.0,3095.0,266009,274812,3064.0
2026-01-23,3091.0,3095.0,3041.0,3046.0,272485,270982,3064.0
2026-01-26,3080.0,3101.0,3055.0,3069.0,272356,268815,3076.0
2026-01-27,3088.0,3098.0,3041.0,3047.0,242018,261722,3066.0
2026-01-28,3046.0,3064.0,3033.0,3048.0,153736,253789,3049.0
2026-01-29,3053.0,3067.0,3015.0,3021.0,226555,235887,3048.0
2026-01-30,3020.0,3029.0,2985.0,3002.0,246231,200487,3009.0
2026-02-02,2951.0,2988.0,2950.0,2975.0,172097,180423,2975.0
2026-02-03,2965.0,2975.0,2952.0,2953.0,137887,179651,2962.0
2026-02-04,2942.0,2955.0,2942.0,2945.0,119762,179590,2947.0
2026-02-05,2935.0,2940.0,2885.0,2891.0,214204,175186,2914.0
2026-02-06,2905.0,2927.0,2892.0,2904.0,164058,149120,2908.0
2026-02-09,3152.0,3168.0,3137.0,3149.0,87080,183162,3152.0
2026-02-10,3140.0,3160.0,3134.0,3138.0,92115,185754,3146.0
2026-02-11,3131.0,3175.0,3128.0,3156.0,95454,186165,3151.0
2026-02-12,3150.0,3216.0,3150.0,3200.0,150888,182400,3181.0
2026-02-13,3186.0,3268.0,3186.0,3251.0,176405,161478,3234.0
2026-02-24,3252.0,3280.0,3247.0,3253.0,146947,172118,3260.0
2026-02-25,3255.0,3276.0,3244.0,3268.0,132562,176706,3261.0
2026-02-26,3265.0,3272.0,3220.0,3239.0,161235,166035,3246.0
2026-02-27,3240.0,3272.0,3239.0,3267.0,154547,134166,3258.0
2026-03-02,3431.0,3431.0,3387.0,3406.0,85139,148624,3408.0
2026-03-03,3387.0,3393.0,3340.0,3343.0,112473,161716,3360.0
2026-03-04,3340.0,3372.0,3336.0,3365.0,82124,170289,3353.0
2026-03-05,3367.0,3405.0,3363.0,3396.0,123498,172637,3388.0
2026-03-06,3387.0,3397.0,3369.0,3389.0,99706,175763,3385.0
2026-03-09,3423.0,3517.0,3418.0,3427.0,290394,156507,3459.0
2026-03-10,3416.0,3429.0,3398.0,3412.0,119577,161224,3416.0
2026-03-11,3413.0,3450.0,3413.0,3438.0,121999,164850,3437.0
2026-03-12,3447.0,3466.0,3435.0,3457.0,127889,163624,3452.0
2026-03-13,3471.0,3480.0,3426.0,3433.0,139655,168259,3456.0
2026-03-16,3430.0,3440.0,3396.0,3439.0,136832,170711,3419.0
2026-03-17,3416.0,3425.0,3370.0,3382.0,161078,171295,3390.0
2026-03-18,3390.0,3413.0,3381.0,3400.0,136032,172504,3396.0
2026-03-19,3415.0,3419.0,3356.0,3367.0,155983,170042,3385.0
2026-03-20,3371.0,3430.0,3357.0,3409.0,173688,165133,3395.0
2026-03-23,3409.0,3446.0,3409.0,3443.0,128282,153746,3428.0
2026-03-24,3435.0,3435.0,3391.0,3401.0,135243,158676,3412.0
2026-03-25,3400.0,3425.0,3394.0,3410.0,117319,163361,3409.0
2026-03-26,3420.0,3530.0,3420.0,3512.0,411755,189332,3480.0
2026-03-27,3503.0,3530.0,3484.0,3502.0,285679,187480,3507.0
2026-03-30,3460.0,3463.0,3437.0,3453.0,180718,155927,3451.0
2026-03-31,3447.0,3464.0,3427.0,3440.0,168133,138616,3443.0
2026-04-01,3235.0,3245.0,3198.0,3220.0,89347,165199,3222.0
2026-04-02,3226.0,3249.0,3224.0,3237.0,62434,172961,3235.0
2026-04-03,3239.0,3258.0,3226.0,3232.0,78413,178435,3237.0
2026-04-07,3240.0,3241.0,3168.0,3206.0,133399,181986,3206.0
2026-04-08,3205.0,3234.0,3165.0,3222.0,209001,186787,3202.0
2026-04-09,3225.0,3242.0,3183.0,3218.0,248367,199533,3210.0
2026-04-10,3233.0,3256.0,3220.0,3229.0,234576,211523,3234.0
2026-04-13,3265.0,3289.0,3248.0,3273.0,302157,232800,3267.0
2026-04-14,3270.0,3281.0,3237.0,3240.0,236642,242400,3257.0
2026-04-15,3249.0,3297.0,3238.0,3283.0,273306,259554,3270.0
2026-04-16,3279.0,3343.0,3271.0,3292.0,445590,274162,3302.0
2026-04-17,3308.0,3375.0,3308.0,3361.0,488485,270973,3346.0
2026-04-20,3321.0,3340.0,3297.0,3306.0,322305,263958,3318.0
2026-04-21,3310.0,3335.0,3298.0,3318.0,245772,254127,3318.0
2026-04-22,3330.0,3388.0,3330.0,3360.0,384459,242915,3359.0
2026-04-23,3376.0,3393.0,3345.0,3352.0,314046,238830,3370.0
2026-04-24,3359.0,3362.0,3331.0,3339.0,244328,230570,3345.0
2026-04-27,3320.0,3368.0,3311.0,3359.0,246414,215133,3345.0
2026-04-28,3358.0,3383.0,3337.0,3364.0,242025,199914,3356.0
2026-04-29,3377.0,3413.0,3368.0,3398.0,252926,177843,3387.0
2026-04-30,3414.0,3435.0,3379.0,3395.0,249185,144774,3408.0
2026-05-06,4305.0,4315.0,4222.0,4242.0,101727,171298,4266.0
2026-05-07,4260.0,4307.0,4234.0,4288.0,97661,188711,4268.0
2026-05-08,4297.0,4320.0,4233.0,4243.0,114553,184615,4280.0
2026-05-11,4283.0,4367.0,4283.0,4356.0,129986,201552,4333.0
2026-05-12,4350.0,4380.0,4325.0,4354.0,116543,201139,4347.0
2026-05-13,4325.0,4325.0,4262.0,4317.0,116426,192200,4293.0
2026-05-14,4328.0,4347.0,4283.0,4326.0,122671,198777,4315.0
2026-05-15,4325.0,4344.0,4295.0,4317.0,109630,194140,4316.0
2026-05-18,4302.0,4398.0,4260.0,4385.0,141882,207811,4314.0
2026-05-19,4384.0,4442.0,4360.0,4395.0,233709,218796,4396.0
2026-05-20,4396.0,4495.0,4396.0,4482.0,228093,228085,4450.0
2026-05-21,4474.0,4519.0,4462.0,4484.0,200607,227040,4486.0
2026-05-22,4486.0,4518.0,4443.0,4505.0,213651,237899,4481.0
2026-05-25,4468.0,4485.0,4407.0,4426.0,218185,233547,4448.0
2026-05-26,4440.0,4540.0,4425.0,4538.0,262456,266790,4490.0
2026-05-27,4559.0,4687.0,4559.0,4658.0,397319,279741,4636.0
2026-05-28,4658.0,4658.0,4544.0,4578.0,397883,257189,4589.0
2026-05-29,4600.0,4715.0,4590.0,4711.0,437571,297459,4660.0
2026-06-01,4824.0,4936.0,4772.0,4880.0,800331,319798,4858.0
2026-06-02,4877.0,4879.0,4717.0,4771.0,712072,309627,4782.0
2026-06-03,4755.0,4768.0,4696.0,4727.0,503663,310513,4730.0
2026-06-04,4727.0,4793.0,4662.0,4680.0,600633,295297,4724.0
2026-06-05,4662.0,4728.0,4603.0,4699.0,547101,297607,4658.0
2026-06-08,4700.0,4707.0,4618.0,4635.0,376833,289212,4643.0
2026-06-09,4645.0,4776.0,4625.0,4772.0,664828,347301,4695.0
2026-06-10,4770.0,4791.0,4709.0,4748.0,592785,348214,4748.0
2026-06-11,4748.0,4749.0,4667.0,4673.0,464459,331452,4711.0
2026-06-12,4653.0,4730.0,4614.0,4690.0,530571,333762,4682.0
2026-06-15,4642.0,4713.0,4630.0,4709.0,663419,380040,4665.0
2026-06-16,4701.0,4739.0,4675.0,4700.0,692969,399430,4703.0
2026-06-17,4693.0,4698.0,4656.0,4678.0,555092,394847,4677.0
2026-06-18,4662.0,4673.0,4494.0,4514.0,1243813,362172,4568.0
2026-06-22,4405.0,4475.0,4328.0,4345.0,1228001,360177,4392.0
2026-06-23,4335.0,4385.0,4306.0,4378.0,926763,386541,4351.0
2026-06-24,4360.0,4453.0,4353.0,4446.0,985060,430071,4406.0
2026-06-25,4428.0,4437.0,4346.0,4388.0,959821,392965,4380.0
2026-06-26,4366.0,4420.0,4291.0,4324.0,1115992,359094,4346.0
2026-06-29,4292.0,4429.0,4256.0,4421.0,1269872,390832,4353.0
2026-06-30,4425.0,4489.0,4394.0,4485.0,1206562,382548,4447.0
2026-07-01,4498.0,4498.0,4429.0,4468.0,849428,363431,4465.0
2026-07-02,4478.0,4558.0,4470.0,4524.0,815086,360914,4515.0
2026-07-03,4514.0,4557.0,4486.0,4555.0,706363,368919,4517.0
2026-07-06,4615.0,4711.0,4606.0,4707.0,900581,373609,4662.0
2026-07-07,4707.0,4738.0,4678.0,4718.0,907026,372905,4706.0
2026-07-08,4710.0,4726.0,4678.0,4714.0,654117,352085,4701.0
2026-07-09,4702.0,4716.0,4592.0,4659.0,940877,309619,4654.0
2026-07-10,4560.0,4639.0,4536.0,4638.0,646430,420160,4585.0
2026-07-13,4599.0,4599.0,4501.0,4529.0,683821,402799,4545.0
2026-07-14,4505.0,4531.0,4365.0,4366.0,881221,331091,4443.0
2026-07-15,4375.0,4448.0,4348.0,4432.0,796842,346321,4404.0
2026-07-16,4421.0,4427.0,4331.0,4377.0,762528,341565,4371.0
2026-07-17,4387.0,4410.0,4306.0,4342.0,841145,321605,4345.0
2026-07-20,4340.0,4356.0,4181.0,4191.0,939977,287200,4257.0
2026-07-21,4181.0,4186.0,4119.0,4153.0,739457,270682,4152.0
2026-07-22,4152.0,4172.0,4112.0,4131.0,627702,276022,4142.0
2026-07-23,4110.0,4154.0,4063.0,4144.0,766733,268201,4111.0
2026-07-24,4120.0,4142.0,4021.0,4022.0,771877,261680,4079.0
2026-07-27,4040.0,4096.0,4035.0,4085.0,592962,262569,4070.0
2026-07-28,4105.0,4149.0,4105.0,4134.0,613923,265655,4127.0
2026-07-29,4120.0,4143.0,4056.0,4091.0,776101,259060,4099.0
2026-07-30,4069.0,4075.0,4012.0,4040.0,580700,247151,4043.0
2026-07-31,4000.0,4000.0,3942.0,3949.0,539857,213528,3969.0
2026-08-03,3955.0,4066.0,3955.0,4061.0,497669,194900,4030.0
2026-08-04,4050.0,4050.0,3983.0,4008.0,494390,189150,4011.0
2026-08-05,3830.0,3896.0,3827.0,3876.0,321588,214077,3866.0
2026-08-06,3875.0,3949.0,3852.0,3936.0,391266,224827,3896.0
2026-08-07,3948.0,3983.0,3917.0,3963.0,379346,235547,3951.0
2026-08-10,3973.0,3975.0,3881.0,3904.0,590422,270824,3917.0
2026-08-11,3910.0,3921.0,3812.0,3818.0,641663,283138,3854.0
2026-08-12,3818.0,3882.0,3800.0,3878.0,779811,284093,3841.0
2026-08-13,3908.0,3942.0,3889.0,3909.0,670171,291371,3914.0
2026-08-14,3934.0,3960.0,3905.0,3957.0,577054,285595,3931.0
2026-08-17,3988.0,3994.0,3911.0,3929.0,556341,305903,3937.0
2026-08-18,3903.0,3914.0,3861.0,3878.0,582576,297395,3887.0
2026-08-19,3852.0,3929.0,3810.0,3813.0,786060,291272,3873.0
2026-08-20,3803.0,3894.0,3803.0,3880.0,563032,272879,3848.0
2026-08-21,3885.0,3902.0,3807.0,3834.0,633595,276778,3853.0
2026-08-24,3864.0,3885.0,3786.0,3787.0,659276,289262,3835.0
2026-08-25,3758.0,3775.0,3714.0,3762.0,588625,269584,3746.0
2026-08-26,3748.0,3784.0,3737.0,3775.0,464529,258416,3764.0
2026-08-27,3773.0,3800.0,3733.0,3770.0,436631,240186,3761.0
2026-08-28,3760.0,3794.0,3743.0,3791.0,325857,210361,3769.0
2026-08-31,3790.0,3817.0,3762.0,3786.0,394453,187237,3786.0
2026-09-01,3715.0,3722.0,3656.0,3687.0,172391,214726,3683.0
2026-09-02,3687.0,3699.0,3651.0,3655.0,133128,219657,3672.0
2026-09-03,3655.0,3727.0,3655.0,3717.0,185487,228253,3703.0
2026-09-04,3710.0,3749.0,3708.0,3738.0,174568,232058,3732.0
2026-09-07,3758.0,3830.0,3729.0,3827.0,326207,250598,3791.0
2026-09-08,3825.0,3853.0,3805.0,3806.0,313144,260482,3823.0
2026-09-09,3807.0,3836.0,3796.0,3825.0,287982,270019,3819.0
2026-09-10,3810.0,3862.0,3803.0,3842.0,304787,266726,3840.0
2026-09-11,3828.0,3845.0,3791.0,3829.0,286535,267863,3817.0
2026-09-14,3860.0,3886.0,3840.0,3854.0,312016,284889,3860.0
2026-09-15,3845.0,3845.0,3763.0,3769.0,368512,285210,3798.0
